{"type":"FeatureCollection","features":[{"type":"Feature","properties":{"masque":true},"geometry":{"type":"MultiPolygon","coordinates":[[[[-180.0,-90.0],[-180.0,90.0],[180.0,90.0],[180.0,-90.0],[-180.0,-90.0]],[[-3.2387014326446,47.303636953067],[-3.0865518494098,47.283069445657],[-3.0558953355795,47.308175301573],[-3.1396470634137,47.329840381841],[-3.1607551004582,47.363508144641],[-3.244700982732,47.387618359758],[-3.2618219738531,47.371275182462],[-3.2387014326446,47.303636953067]],[[-2.8688242027986,47.347187413333],[-2.8851980047361,47.332204587601],[-2.8622670812163,47.345672125099],[-2.8688242027986,47.347187413333]],[[-2.9478270505448,47.373442153039],[-2.9497473196772,47.391474918453],[-2.9817118141596,47.391640116113],[-2.9612329905761,47.384142688142],[-2.9478270505448,47.373442153039]],[[-3.1345818841427,47.548823597227],[-3.1573094190216,47.527777147938],[-3.1438097827755,47.483493521766],[-3.0935860388734,47.47343825223],[-3.1329801809192,47.532940856127],[-3.1249482715522,47.598911397275],[-3.0948867588573,47.564687759616],[-3.0519734636492,47.577936411937],[-3.024095182795,47.567864359597],[-3.0230261480532,47.591448021595],[-3.0046872395881,47.566465469116],[-2.9893300418056,47.583668761527],[-2.9684287009143,47.557175629484],[-2.9288355514896,47.55474379968],[-2.9649822013031,47.588704907763],[-2.9551759826158,47.598617982077],[-2.9720962270241,47.606544222814],[-2.953165560925,47.61254701943],[-2.9820300520754,47.655806360316],[-2.9588456568534,47.627387400625],[-2.9357009059315,47.625286008672],[-2.9492053452579,47.620300052943],[-2.9391279484845,47.594030070059],[-2.8954479129042,47.581494812737],[-2.8883089069727,47.603721144885],[-2.8590337254783,47.600798278295],[-2.8591426262883,47.623012853957],[-2.783280446908,47.620929683472],[-2.7935564963033,47.645019688545],[-2.7399331546054,47.617920455172],[-2.7785759216065,47.619153949607],[-2.7134014552926,47.594743232814],[-2.7113619865066,47.61745375166],[-2.6956189709006,47.610971810996],[-2.7157627565643,47.632178418633],[-2.7104787296389,47.648811448391],[-2.6858183369351,47.617254810447],[-2.6898225474078,47.589863044007],[-2.7271201608591,47.565348713813],[-2.7305342531378,47.542486209183],[-2.7656825016343,47.536349797594],[-2.7871430310883,47.552527315428],[-2.8070620139328,47.541324640889],[-2.8053232688367,47.55465217436],[-2.8615032029018,47.53957249509],[-2.8785251291933,47.563822706213],[-2.9127507683233,47.542221258931],[-2.869393988256,47.530429204565],[-2.8494633183276,47.498714210554],[-2.8046466446151,47.488475662933],[-2.7246386199858,47.506420074475],[-2.6812726425683,47.495823503923],[-2.6323971230563,47.529969402681],[-2.6692361455267,47.543886460827],[-2.6260111378038,47.530694282534],[-2.6197613863302,47.553120080253],[-2.6043518130413,47.531033499908],[-2.5819520010924,47.561743556943],[-2.559927969571,47.551149229397],[-2.5814258050421,47.535658066615],[-2.5652979754047,47.534568614558],[-2.5796509523394,47.521494268546],[-2.6085188237858,47.527334092348],[-2.6304578082227,47.506349684521],[-2.5177342670181,47.526379124102],[-2.4204515364367,47.495199946772],[-2.5014022305882,47.490518823453],[-2.4905571762189,47.446452306175],[-2.4584933200854,47.44812333026],[-2.4330361363116,47.416778409153],[-2.4726723242774,47.416083446873],[-2.5589448655806,47.374566485616],[-2.5273550201167,47.363139113651],[-2.5029144731486,47.328754801261],[-2.5111764913007,47.300776876496],[-2.5442517230455,47.290107777197],[-2.4390537244635,47.260171084056],[-2.4165529129684,47.25871256282],[-2.4253877232221,47.270964820355],[-2.4141574690586,47.278682172085],[-2.369753264591,47.277438171535],[-2.2905337807566,47.236485877086],[-2.1873608303178,47.280622361747],[-2.1699895453995,47.268472297219],[-2.1670631605228,47.166180557901],[-2.2478150673853,47.134022011309],[-2.0536861303794,47.094243963563],[-1.9804130066429,47.028904753758],[-2.0273622488649,47.00992054926],[-2.071218379244,46.935168981466],[-2.1177998913797,46.908317123363],[-2.1098378173904,46.899480635246],[-2.153823981621,46.890149400164],[-2.141985050913,46.818973328561],[-2.0002660579608,46.733925400032],[-1.966128703921,46.692012127622],[-1.9428758596327,46.692706115369],[-1.8560152427178,46.608580735068],[-1.8123442739131,46.493416566185],[-1.777137894573,46.492758626968],[-1.6270620551428,46.414220589438],[-1.5150666516907,46.40429394231],[-1.4659374486589,46.342356465827],[-1.3551687806002,46.345836797866],[-1.2968047567957,46.289853328369],[-1.2965407216243,46.323862397014],[-1.2073980363312,46.266566974958],[-1.2020438844456,46.316088038089],[-1.1637767641821,46.324346157529],[-1.1207134213387,46.296691182666],[-1.1113500334204,46.261156609753],[-1.1990017582044,46.213243547272],[-1.2012482798444,46.190883450711],[-1.2420434969372,46.157446715501],[-1.206939036394,46.145764027266],[-1.1607229685204,46.1554895116],[-1.1729310087073,46.139283394105],[-1.1291048559784,46.126969268104],[-1.1300954807717,46.101767963634],[-1.1007240096268,46.093795091913],[-1.0888412421854,46.053947103542],[-1.0567431675806,46.035915721056],[-1.0530740865438,46.003831859396],[-1.0989532154989,45.990511008295],[-1.0645617941788,45.953117598269],[-1.094399319351,45.948773629702],[-1.076864753109,45.936699490286],[-1.081212277475,45.898789509328],[-1.1210426718188,45.856462545265],[-1.153187170193,45.862358814767],[-1.1680717875645,45.845145151766],[-1.1395339118469,45.822842278873],[-1.1391865208381,45.79903314044],[-1.2425689958526,45.781575345749],[-1.2345793448818,45.693612722916],[-1.2300562617989,45.677064721309],[-1.2184406327324,45.673801676778],[-1.2303338364371,45.693221363131],[-1.2093162908787,45.696695600645],[-1.0488627706461,45.620296785838],[-1.0203205505127,45.62151668447],[-0.98915191244273,45.581341317039],[-1.0912045614296,45.562411237009],[-1.1546170989864,45.480167705968],[-1.162337441751,45.297868794558],[-1.2620502403324,44.632198001377],[-1.2446501329845,44.623096748037],[-1.232623680779,44.693018645313],[-1.161932442024,44.774901767948],[-1.0369146696773,44.6940760086],[-1.0636009390674,44.697360056894],[-1.0046790473438,44.648185633279],[-1.1491665812006,44.640019941887],[-1.1451668567782,44.657629640598],[-1.1915382411984,44.660725704553],[-1.2121340085435,44.599510356389],[-1.2586139358279,44.547133110681],[-1.253891222702,44.4676023661],[-1.3066211766807,44.171603926833],[-1.4468047220233,43.64560838482],[-1.6094689574198,43.427521755432],[-1.6694053103923,43.388138435009],[-1.7908870919282,43.373441337557],[-1.7852178441655,43.349814347598],[-1.7373522231501,43.329700042997],[-1.729748923648,43.295678859867],[-1.6657592290595,43.314078692272],[-1.6238145722959,43.305851119398],[-1.6303661025897,43.284448371284],[-1.6089315872346,43.252129248888],[-1.5751249050756,43.249838487966],[-1.5647157911934,43.28791347967],[-1.5292979700288,43.293411944094],[-1.4388526778219,43.266517244479],[-1.41320553569,43.27341516617],[-1.3827864939261,43.253297008751],[-1.3838251967031,43.190817108926],[-1.4160249876204,43.149739804939],[-1.4139466293353,43.129178212008],[-1.4708680288881,43.091714158473],[-1.4351873583595,43.045028123845],[-1.3547517961039,43.028468046718],[-1.3322453593112,43.107775178802],[-1.270184195429,43.11856931563],[-1.3085440571134,43.068678772612],[-1.2642864994766,43.044562906927],[-1.2124135691097,43.051394026343],[-1.1482628224762,43.026042549327],[-1.1425678944125,43.01020623111],[-1.1106631611518,43.020497969179],[-1.0702604908545,42.997696781882],[-1.017553501514,42.994381215156],[-0.94645511377364,42.954058399843],[-0.91428689185959,42.963568880303],[-0.81001402324725,42.951435944964],[-0.75637833414362,42.96842723143],[-0.72506592676777,42.923031036303],[-0.72975658553822,42.896558450267],[-0.67603386909387,42.882121412448],[-0.603635315569,42.832617711388],[-0.60076025043393,42.806307889858],[-0.56886605101147,42.806822105003],[-0.56774546142644,42.780869063871],[-0.52973082529989,42.791532352653],[-0.50129980018362,42.827883289281],[-0.4397463890216,42.796464192609],[-0.39259734345566,42.799559432268],[-0.3134440845287,42.84937502201],[-0.21390456164229,42.79603817418],[-0.17849266806523,42.785358654901],[-0.15972393675618,42.797400992971],[-0.10611325502758,42.720827214056],[-0.068842258409049,42.717900891138],[-0.059811467964507,42.693423542148],[-0.010639973713379,42.684384118141],[0.17572555256904,42.736480431547],[0.25988644276717,42.715814801568],[0.29282363337494,42.674921018438],[0.360096509627,42.724297593405],[0.42927703134928,42.690747961457],[0.59671896531374,42.705554327291],[0.67057744875758,42.68989270234],[0.67901232540769,42.722784338644],[0.6599389520435,42.752435876543],[0.64185306949254,42.754817040172],[0.66423575825517,42.77167292571],[0.64453806422139,42.783076412205],[0.67058700231219,42.804759629474],[0.66405436266901,42.842065955495],[0.70837530047161,42.861402691964],[0.85830081521383,42.825718092689],[0.92732709328685,42.789255631926],[0.95976879024384,42.805642400755],[0.98310308426902,42.787068077252],[1.0787138036714,42.788364913836],[1.1727736952394,42.708100928642],[1.2292977685259,42.727717565204],[1.3573807731294,42.719416680343],[1.3544057158196,42.699495465984],[1.3895995518927,42.685085573888],[1.4401541878412,42.60350366823],[1.4694604333944,42.606890205337],[1.4683365082247,42.630822512454],[1.4937449489606,42.653208850036],[1.5492508690021,42.655772723263],[1.6014688979593,42.628040210076],[1.7365633338245,42.617832429841],[1.7259218933308,42.59036432389],[1.7861298758203,42.573623487381],[1.7411151935539,42.557100349798],[1.7298892803686,42.495327493594],[1.8346241667293,42.481783546447],[1.8854483131238,42.449295307775],[1.9338473606186,42.454160146231],[1.971695415142,42.373783371899],[2.0169227090321,42.348686254163],[2.0835932961683,42.362697401901],[2.1569442389743,42.423379177246],[2.2010574502093,42.41629050573],[2.2570765004899,42.438487801441],[2.4288205957426,42.394335723771],[2.4829568103055,42.33964742313],[2.5400380013544,42.333755393653],[2.5618691165802,42.357114669057],[2.6717703199325,42.341177323897],[2.6518664743886,42.384976836928],[2.6714146160115,42.387529592347],[2.6739475962355,42.404705188227],[2.7518655954672,42.425365840688],[2.7769704769536,42.411950189136],[2.8444544544249,42.458013026886],[2.9184473584127,42.456080878725],[2.9470888466503,42.481796629795],[2.9689921527615,42.465793999445],[3.0404545563086,42.474389700903],[3.0854409735932,42.425513473771],[3.1732186031539,42.434878294177],[3.1530079401401,42.477772687552],[3.1301915393708,42.485333147407],[3.1335799243959,42.512937683655],[3.0520750636273,42.54386148934],[3.0348448670056,42.660160793544],[3.0605893002724,42.91706260281],[3.0404673397314,42.929700731159],[3.0428444157674,42.960156485478],[3.0850397647605,43.056940380824],[3.1487381438672,43.139329315312],[3.3435489429582,43.270307050888],[3.4289660381595,43.290214964615],[3.5109592064433,43.273328841308],[3.6460792124476,43.384774104561],[3.7230347632352,43.401095090434],[3.724920103348,43.41579312533],[3.7966687778375,43.441038572476],[3.8864007764545,43.50687119465],[3.9994165131615,43.549625867541],[4.12162781658,43.547075001142],[4.1391197547669,43.531898260949],[4.1165892511326,43.508710525509],[4.1231397009828,43.494201235057],[4.1938625454583,43.465779027827],[4.5549165862997,43.446213275115],[4.5950211395854,43.406413739136],[4.5627131374003,43.392243971332],[4.5627978195916,43.372134942713],[4.6617842756445,43.346410527778],[4.7595949251318,43.349936079368],[4.8550448910375,43.332618516509],[4.9022342998273,43.370982432633],[4.8737024584045,43.360848282232],[4.8358563366124,43.398039616459],[4.8614681256348,43.40076989363],[4.8291209117113,43.428264665696],[4.8773029521565,43.410513204152],[4.8502519389784,43.450795850324],[4.8865877345916,43.412880564295],[4.931376951317,43.433157232314],[4.9677103819671,43.426100332678],[5.0010677938316,43.398215886274],[4.9876375735659,43.391776901932],[5.0242965902058,43.355559161915],[5.0190482280859,43.342937227035],[5.0539150268677,43.324272099372],[5.2213339498192,43.328358899356],[5.3110302222328,43.360879997437],[5.341020887781,43.344783149914],[5.3620502253915,43.321960251309],[5.3589666803228,43.298002745233],[5.373616535568,43.294994681755],[5.3456836221411,43.282366222064],[5.3760469740713,43.255156912202],[5.3456097729721,43.212497555779],[5.5002885068597,43.196790895695],[5.5369302937792,43.214490076169],[5.6008948125683,43.162545513212],[5.6241633170728,43.186982113235],[5.6845946967002,43.180061736494],[5.6948752166924,43.143589707468],[5.7703387289197,43.139007184657],[5.7744948217719,43.116904330683],[5.8072607781038,43.115713573303],[5.7941055326647,43.068774233408],[5.8276382705234,43.05034932291],[5.8574553138035,43.046618874503],[5.8871334844754,43.077225735618],[5.9511022677451,43.072030744739],[5.9376580436388,43.08457851954],[5.8947710571836,43.081712418128],[5.909107117861,43.10046149114],[5.8868360567952,43.103450269366],[5.885617839555,43.117142670129],[5.9206331025818,43.123910786043],[5.9343359139287,43.118604366719],[5.9257873894364,43.103970758155],[6.0050157080904,43.103799383815],[6.0234652560844,43.094811520978],[6.0215343544984,43.078256714006],[6.124051799264,43.07930650726],[6.1281920087398,43.042671102624],[6.0918311311331,43.036774442924],[6.147899852463,43.026960466647],[6.1590041512037,43.029236191508],[6.1598371974529,43.088451636416],[6.2007847463615,43.115790863382],[6.2718142424638,43.120990912933],[6.3682566796679,43.089914872597],[6.3597633175514,43.119904355977],[6.3875680181733,43.144900254259],[6.4934958461812,43.150223730387],[6.5596377554811,43.188632638495],[6.6465904802763,43.167801382342],[6.6420225769795,43.183734132211],[6.6801044438143,43.200536011994],[6.6635799631008,43.238043384914],[6.6972545497172,43.265497283834],[6.6773068762378,43.278794827575],[6.662121282463,43.264909792407],[6.5934629712796,43.262265776308],[6.5838742224265,43.277308105612],[6.6659564383834,43.31821983472],[6.6719225263813,43.335833931847],[6.7165464557638,43.347490862069],[6.7145300086095,43.368074981029],[6.750657595625,43.420845307432],[6.8550478015615,43.411429429877],[6.8569996758254,43.430477732013],[6.8918037687118,43.428580015191],[6.9326931753823,43.484349210212],[6.9488401316243,43.485496928717],[6.9547512806261,43.504724793903],[6.9383636746132,43.516390841291],[6.9633341048456,43.54215150977],[7.0404439376582,43.541582782416],[7.1012671442927,43.5706815908],[7.1191937177542,43.544452103717],[7.1385034267534,43.545620722537],[7.1264731964483,43.605277906363],[7.1578470842521,43.65385107423],[7.1945395872153,43.657918311572],[7.2064521654727,43.645639308042],[7.2418855125179,43.688481372627],[7.304019920053,43.684826100091],[7.3147161986497,43.70653561017],[7.3263641460951,43.674107370674],[7.3361061972735,43.710332184327],[7.4064566044271,43.71962940636],[7.4597361031449,43.7600397197],[7.4868344846647,43.748997032679],[7.4882729558663,43.765026152467],[7.5247262568589,43.784879584787],[7.4966431200204,43.850865750443],[7.5013634378758,43.87501182678],[7.5592240305265,43.89729711992],[7.5718432477468,43.947152449387],[7.6485982666394,43.974109522666],[7.6702052888494,43.998468338078],[7.6620002035646,44.027376831924],[7.7000270318339,44.040791675149],[7.7140726367423,44.065430655301],[7.7169378581589,44.081762896271],[7.6665952665469,44.130757105938],[7.6845890381135,44.174017398395],[7.6366204125639,44.177106922757],[7.6145604124219,44.149672411542],[7.4353553212408,44.12936252164],[7.4269527801501,44.112874801646],[7.3678650497535,44.116393672544],[7.3441996623578,44.145160179669],[7.2627871994961,44.148031915773],[7.1889131681001,44.197800735913],[7.008058899486,44.236434519326],[6.9934466941361,44.280889629925],[6.956527244135,44.298637866463],[6.922408948521,44.348259672782],[6.8874351607458,44.361051257141],[6.8928683040571,44.420779824329],[6.9445579172439,44.432057527562],[6.8819639305182,44.477256328072],[6.854014437248,44.52912511427],[6.9335092809034,44.5759534554],[6.9383975462678,44.603747763937],[6.9668199032047,44.625347388492],[6.9483326980915,44.654818187455],[6.9631797346927,44.67810482291],[7.0237344527351,44.691300223227],[7.0771048243018,44.680914951343],[6.9994003663108,44.789676249686],[7.0217860677102,44.821493498314],[6.9336859786803,44.862026116862],[6.9137650533034,44.845420317518],[6.8598658043828,44.852903429339],[6.7510118585422,44.905506802267],[6.7649436361829,44.959669769983],[6.7378517656893,44.989229168351],[6.7511816747145,44.997554388257],[6.7455184581155,45.012636232743],[6.6738842245217,45.019618440205],[6.6621102280893,45.071636240322],[6.6274839517535,45.101215174371],[6.6800685047784,45.140123130573],[6.7392628844294,45.136771576844],[6.7679412928181,45.159739939943],[6.8498552798828,45.127164544748],[6.894376782376,45.137373356732],[6.8916010947342,45.167033325671],[6.9430641979885,45.17091084008],[6.9687620809781,45.208057678984],[7.0427614515596,45.225313603097],[7.0796007060118,45.21424401107],[7.1375927179634,45.255692980709],[7.1106925788126,45.326508796443],[7.1347132782574,45.331243465627],[7.1856327940721,45.404044824605],[7.1135165884052,45.434196485823],[7.0997838903912,45.469437750641],[7.0542268132495,45.472184344708],[7.0520544291456,45.496249516678],[6.9999790813339,45.504790418301],[6.9953839096018,45.575637066048],[6.9778473846393,45.589884647121],[7.0006916861839,45.639899750138],[6.9148275307172,45.651735038028],[6.902535284798,45.680938868689],[6.8461141632727,45.690569303857],[6.8111853327597,45.73065029663],[6.8039854950068,45.815846165391],[6.8180784499339,45.834974269868],[6.8701799161146,45.828152829162],[6.8821969778683,45.849520488181],[6.93960886416,45.846732871084],[6.9917249963735,45.868198790757],[7.0031479175286,45.89782755209],[7.0438913499404,45.922087093613],[7.037615499193,45.95430091758],[7.00940894593,45.9697604902],[7.0182519988272,45.984185305283],[6.93736936958,46.06456312426],[6.8883272243818,46.043120600357],[6.8726328572469,46.052044575345],[6.8983839799267,46.122561981532],[6.7985330883924,46.136103390553],[6.8035635132129,46.20313054152],[6.8645108313675,46.282986228855],[6.7746736069107,46.347278384591],[6.8048287544258,46.393585002703],[6.7228648390107,46.407550427288],[6.5451764296884,46.394724620294],[6.513070179546,46.404784844849],[6.3900333913921,46.340163012448],[6.3446806034485,46.370015245292],[6.3159587902468,46.368802088594],[6.2799144692268,46.351093458251],[6.2377992707926,46.27733692078],[6.2676297299719,46.247839951429],[6.294880501785,46.26459246093],[6.3101113416345,46.243699660222],[6.1354159186096,46.141325936329],[6.0520405063454,46.151402707103],[5.9572900537826,46.127942969357],[5.9952918547587,46.18299442988],[5.9636784095618,46.196964390659],[6.0331263207186,46.23799437917],[6.1017586374755,46.237488846141],[6.1242461802512,46.251015651206],[6.1023687304967,46.284846924053],[6.1697363568789,46.367935207296],[6.064005627331,46.416222559892],[6.0862444868726,46.443142520768],[6.0739298928675,46.463949535302],[6.1564422357855,46.545471592105],[6.1107441527986,46.576314209592],[6.2704880921381,46.683194022336],[6.4381050836181,46.76175121989],[6.4586515580207,46.788759687976],[6.4309949536501,46.812320058323],[6.4598785157573,46.851147058563],[6.4645775075825,46.890210535442],[6.4326749210724,46.928605526908],[6.4966857222781,46.974183469608],[6.6186789138725,46.992038806738],[6.6996564781858,47.039039389615],[6.7140545270618,47.049123354928],[6.6916197499771,47.06668927851],[6.7072576746821,47.083033793266],[6.8507882298254,47.157637251026],[6.842629723754,47.172148165798],[6.9551279801372,47.243159200163],[6.9446419930537,47.288858656397],[6.9931211498575,47.295543502651],[7.0161408458867,47.313601433148],[7.0097278540447,47.324358772262],[7.0567509457312,47.334567036162],[7.0497154850674,47.360716488473],[7.0161749063041,47.371834506375],[6.8797944628475,47.352429022831],[6.9172942512226,47.405461603514],[6.9383781843469,47.40602166291],[6.9405416785725,47.433371743667],[6.9989680532301,47.452297949929],[6.9829013064589,47.494256634533],[7.0200171649398,47.504341124068],[7.0792767593811,47.488864894845],[7.1303408019013,47.503028568514],[7.1966955177699,47.493482758971],[7.1811906725339,47.441480675914],[7.2358953940145,47.436879191525],[7.2462981009916,47.422198455938],[7.3017355889987,47.437813631568],[7.3809450743678,47.43186353224],[7.4556328646187,47.472976694654],[7.4212233360314,47.480171365663],[7.4347599267065,47.497963819517],[7.48685795056,47.481732320167],[7.5105092147616,47.504115173213],[7.4978020902162,47.521222753454],[7.5314262789643,47.528284428742],[7.5013916497461,47.528725219131],[7.5045051563612,47.542963887373],[7.5847073872051,47.577266068409],[7.5910233108318,47.60474480576],[7.5246671129184,47.660190407792],[7.5125727857792,47.694845299819],[7.5476623177689,47.729918417634],[7.530104166316,47.772931260055],[7.5614656894138,47.838677705698],[7.5567072919531,47.879941001941],[7.5825080894133,47.898257059051],[7.5826348451925,47.929886709021],[7.6220859200517,47.972272417851],[7.5684900054594,48.03538248569],[7.5773157720816,48.120371112534],[7.6678077852565,48.223906110814],[7.6960088664325,48.304010337634],[7.7452934119735,48.329972185273],[7.7335522009636,48.398684900866],[7.7707638310804,48.492022101353],[7.8052011366022,48.513573048614],[7.8002369638938,48.578683608778],[7.8424871420346,48.643948187398],[7.9631443712693,48.721355620767],[7.9692879329719,48.754513384076],[8.009749261306,48.75948955626],[8.0291352605611,48.786478892711],[8.0870168964682,48.802011517431],[8.141561006918,48.896065480725],[8.1958012960897,48.95621138585],[8.2303986615424,48.965607843829],[8.0913803067987,48.989259837789],[8.0480839535656,49.014172777638],[7.9748521290202,49.027746491985],[7.9346229019277,49.057811113571],[7.8674113682428,49.033485836738],[7.8004419678935,49.064114797244],[7.7564971746319,49.04559846504],[7.6352815933424,49.054164206261],[7.5999843985962,49.083327857216],[7.5390064229804,49.092067833166],[7.4895776670963,49.136530120185],[7.5061698187802,49.154030900401],[7.4911929165521,49.169804496794],[7.4567923497972,49.164131221385],[7.44067166015,49.170483311686],[7.4450649197879,49.184305403345],[7.36507550268,49.171836295674],[7.3627730440975,49.145175022906],[7.3298410268211,49.14494179986],[7.2934060772248,49.115161283837],[7.2491066166321,49.127388393874],[7.1983356927173,49.115175200034],[7.183939320312,49.130726755298],[7.1588002935748,49.120773344856],[7.1042393843199,49.138686781563],[7.1055789765574,49.155385547923],[7.080281154448,49.148775932362],[7.0900182713725,49.132259822351],[7.0568862018258,49.112398584097],[7.0276496496344,49.170085953929],[7.0343248906795,49.189680638467],[6.9592812915983,49.203004868528],[6.9354186816977,49.222156163157],[6.8353839856274,49.211325473776],[6.8609394112851,49.178624406224],[6.8344667878866,49.151379860705],[6.7845561626242,49.168086631556],[6.7385082593927,49.163661266785],[6.7113631909174,49.188538133309],[6.7314966006431,49.20608920408],[6.7196514167899,49.221375153791],[6.6948030976287,49.215906501206],[6.6905439593201,49.247633562325],[6.6615299998202,49.25733162565],[6.6691862190043,49.28060241979],[6.5658428249466,49.347352742548],[6.6018563427332,49.366781011608],[6.5405242817617,49.401146060427],[6.5522345196475,49.423348210636],[6.4301197078959,49.476400021233],[6.368852829099,49.459821218662],[6.3337776530668,49.466890384913],[6.2564100413301,49.510019040716],[6.1568855820521,49.504390732514],[6.1020780284711,49.470224838021],[6.100815774202,49.452882062635],[6.0556220526452,49.465361612667],[6.0421550958319,49.447803412037],[5.9820475335511,49.451067325398],[5.971776634974,49.491320067133],[5.869086517445,49.498778421143],[5.8360385528244,49.519953607464],[5.8369587698802,49.542475474291],[5.8172016616101,49.536996268665],[5.7702731126582,49.563099611588],[5.7388640222945,49.539320264271],[5.6368006429332,49.545044778804],[5.6109867350098,49.505927450176],[5.556050367567,49.52925089646],[5.4709047865596,49.497208726991],[5.4471951539326,49.517877845741],[5.4650619164038,49.538862640494],[5.442550098799,49.550266702047],[5.4535526093259,49.564921488307],[5.4269132757795,49.597344909551],[5.3503363217496,49.630862526305],[5.3149873933442,49.611392527921],[5.3049182452694,49.630053072295],[5.3327639081107,49.652787613834],[5.2691845901837,49.696071670408],[5.1662014036773,49.692914558036],[5.1615689619341,49.714805281588],[5.1230703404202,49.717305567328],[5.0901749386535,49.765060292171],[5.0143389090926,49.779866152302],[4.9988354545104,49.799310967803],[4.8553769519334,49.792361619124],[4.8738789972466,49.820795895287],[4.8517209454791,49.856206959432],[4.8876674649878,49.90625840031],[4.8501867463093,49.946472183139],[4.7909101015257,49.958397607379],[4.7901082811856,49.970018583443],[4.8403927713466,50.037589003447],[4.8193112936247,50.065876763524],[4.8379348636099,50.067107469075],[4.8501272084717,50.100175974414],[4.8721344341726,50.087731586802],[4.8706357641482,50.124646439548],[4.8953583480933,50.139766840936],[4.8225821967951,50.168317417174],[4.6930262279408,50.084818698216],[4.6831845410969,50.064918750085],[4.6970260773073,50.059281358277],[4.6855679524785,50.027630172966],[4.6944244678655,49.996267061577],[4.5930582012037,49.985505370138],[4.5113189459207,49.946802141068],[4.4457967656502,49.937168631587],[4.3014826951044,49.966176318126],[4.1974262572549,49.95456985832],[4.1971143649951,49.967723922794],[4.1408937784816,49.978756019427],[4.163125056888,49.99477679596],[4.1363736079231,50.02046124405],[4.1607759593469,50.047521840602],[4.2311233037382,50.07126805554],[4.2014079092014,50.101540479066],[4.1998869422006,50.131081113334],[4.1269178734097,50.134919338367],[4.1550652714449,50.167130618338],[4.1508597676686,50.213418523181],[4.220693486293,50.252205490042],[4.2032487281264,50.274520097558],[4.1626744412235,50.288919839989],[4.1502581492681,50.274143515107],[4.1636553703143,50.25728901293],[4.1362790115355,50.256814562298],[4.1199595939074,50.300055788038],[4.0791650721944,50.309661168836],[4.0273772077583,50.357488651634],[3.8860583645872,50.327061253932],[3.8884496083778,50.338223421367],[3.8436102962465,50.353510671489],[3.7474052053778,50.350928242159],[3.7317343457441,50.311904528305],[3.7104309751894,50.303169731959],[3.6572038688646,50.370783946684],[3.6723742999474,50.387652477303],[3.6642184659463,50.453173761167],[3.6130169489409,50.492471225596],[3.5677678220335,50.50061221444],[3.5007741945714,50.487265476296],[3.5194053990883,50.522871548274],[3.4739635797806,50.533563546234],[3.4500788649046,50.507223095904],[3.3772679606506,50.490982594829],[3.286524369777,50.527577616965],[3.2775041513186,50.592959787705],[3.2411021613015,50.657785417847],[3.2624274548591,50.678483478988],[3.2583766477988,50.700646817566],[3.1912265002692,50.724409127208],[3.199134285231,50.734731836468],[3.150782780111,50.790127285347],[3.1147669732972,50.794187883435],[3.083650177989,50.772504284982],[3.0587492542001,50.780705789542],[2.9582403353503,50.753446186612],[2.9109065606969,50.694496081053],[2.8483860974407,50.722914959975],[2.7956557413456,50.724609008419],[2.7256398356216,50.808632188358],[2.6690258101157,50.822462129386],[2.6349756592043,50.812755500853],[2.600918059267,50.848411470567],[2.6075324528985,50.91240659974],[2.5900087753799,50.919097046833],[2.6326801578862,50.946008766454],[2.6012847777962,50.991283503211],[2.5739982943322,51.003521991804],[2.5430346061346,51.08854370897],[2.3995855035021,51.050957305507],[2.3478325752445,51.059829634673],[2.1918294890846,51.034714947113],[2.175731267806,51.022590268414],[2.1902429400921,51.018038822393],[2.123515723481,51.014167524083],[2.1097045642696,51.003827598587],[2.1204718030605,50.99191918013],[2.0845036256491,51.008606935608],[1.7807166589725,50.954865814239],[1.7122611515718,50.929408873362],[1.6362283622321,50.877031367494],[1.580632768506,50.867343830504],[1.6092170937431,50.804336664539],[1.5927216933855,50.732014865993],[1.5627006546685,50.724987440831],[1.5736037455337,50.716166202188],[1.5607073853506,50.699672766378],[1.5786444870645,50.639245975938],[1.5766037238144,50.572223225221],[1.6357649224772,50.513120814431],[1.662803912516,50.506473715894],[1.6406222747161,50.508787974213],[1.5854092273894,50.537352408548],[1.5812649159212,50.531216803093],[1.5577948179294,50.404714412055],[1.5794579461187,50.37922039596],[1.6252312966713,50.371832567005],[1.6415398327353,50.352148667835],[1.6242577191597,50.366290636763],[1.5558295005084,50.361315709087],[1.5379421306702,50.282668408098],[1.549313280898,50.260403925768],[1.5922255796555,50.256454778602],[1.6225007114324,50.215151972316],[1.66146054916,50.213811834911],[1.683793928232,50.183026098336],[1.5961920997106,50.185502423396],[1.5484363732305,50.215217479179],[1.4916774164956,50.184158850335],[1.4326447913126,50.094349140281],[1.1943755832405,49.968033261783],[1.0257349995033,49.916554108783],[0.95467186229888,49.91831807638],[0.79097157704249,49.875749307356],[0.58353382076996,49.852619117872],[0.33889544091349,49.747890071144],[0.18958482856705,49.704795514512],[0.065609431053556,49.512574780191],[0.12123966998691,49.463194369813],[0.3393150124405,49.449872303637],[0.34059327041276,49.434318983746],[0.21994143692835,49.426760938177],[0.13233865500107,49.403571227082],[0.014301904851625,49.332563177962],[-0.087163331120361,49.297906717769],[-0.22569484520744,49.281819588113],[-0.41104796344498,49.335217897041],[-0.78898084176383,49.353488083495],[-0.96153935919981,49.396432197815],[-1.0782159992234,49.388493551822],[-1.1153961113401,49.351509491506],[-1.1360493392017,49.354043408557],[-1.1775396285395,49.36489675323],[-1.1679979463415,49.408031770721],[-1.3077703172096,49.545719294637],[-1.2962280470313,49.583173183623],[-1.267613440608,49.581953814631],[-1.2555068915818,49.612306859518],[-1.228866448748,49.607863429808],[-1.2679291968387,49.695329176599],[-1.369566553066,49.706887557051],[-1.4710843353661,49.69667139043],[-1.4880086411552,49.668247581111],[-1.6052050191179,49.656716801381],[-1.6151605571489,49.643460933616],[-1.6867469480741,49.673066182254],[-1.8144768088678,49.688816817941],[-1.8524826023107,49.716941279614],[-1.8903328996862,49.707235720277],[-1.9422468301096,49.725557927402],[-1.9461839215553,49.67434359255],[-1.8735603616121,49.657683110741],[-1.8477540213282,49.626830925159],[-1.8411553937054,49.571639187898],[-1.8865295575919,49.527614954968],[-1.8526021717957,49.510385793698],[-1.807044519245,49.371886570418],[-1.7715550994518,49.380014363987],[-1.7787957331797,49.371673062007],[-1.7247902425762,49.327450118599],[-1.682838538588,49.330768436],[-1.71117197286,49.325094637036],[-1.6831075465952,49.28762544819],[-1.6652075172903,49.286811899007],[-1.6782177867605,49.280142766374],[-1.6316846090167,49.21422230031],[-1.6169953390227,49.231610466351],[-1.5847226746379,49.232085957532],[-1.5672651796764,49.220880535097],[-1.6107491510687,49.214490949154],[-1.5961297533858,49.144126475783],[-1.5803021173777,49.131475530663],[-1.5947459734594,49.131928426288],[-1.6088393671093,49.105599227226],[-1.6001025052301,49.041603116918],[-1.5816167633561,49.002704056487],[-1.5599148044862,49.038251997214],[-1.5425592366551,49.04131785652],[-1.5046758506411,49.020131089924],[-1.5398053590488,49.034164591611],[-1.5561478071951,49.024690465146],[-1.5621107504118,48.941016659011],[-1.543453192498,48.931386422725],[-1.6013201144142,48.836516012355],[-1.5727637058664,48.815933237113],[-1.5701538176576,48.742946555279],[-1.5332466542048,48.731375887277],[-1.506949164136,48.690537590654],[-1.4492892816983,48.670001538869],[-1.4453056482617,48.655010677863],[-1.3722910891305,48.693789543009],[-1.4008843035347,48.658912226981],[-1.3473486906907,48.631440882085],[-1.4086753867252,48.643170218576],[-1.5119350338709,48.613204027228],[-1.5435452019954,48.63121633289],[-1.7677098555132,48.602391347332],[-1.845275032983,48.616402394561],[-1.8666223954374,48.635297119972],[-1.8627254313798,48.667274741628],[-1.8371380899061,48.679159712785],[-1.8561321209073,48.704854504824],[-1.9380749435582,48.694458847226],[-1.9849669305136,48.681290529268],[-1.995234996379,48.660138273521],[-2.028955958438,48.646918475376],[-2.0023941362904,48.613055635525],[-2.0110006809827,48.604725563563],[-1.9620842108503,48.592630162575],[-1.9553321009747,48.57639990534],[-1.9861444705807,48.585091512498],[-1.9630715571236,48.555935046598],[-1.9689408101185,48.539138345101],[-1.9480341971128,48.538808017557],[-1.9812626085654,48.508986950556],[-1.9763533707745,48.498461090966],[-2.001374823712,48.49160310129],[-1.9824347923556,48.500571116643],[-1.9870341945665,48.525657088599],[-1.9723506867232,48.534638480013],[-2.0117662463935,48.571458977418],[-1.9946685652283,48.578424268262],[-2.0308712336953,48.604423678165],[-2.0325285858354,48.626377734785],[-2.0550978778787,48.627308162871],[-2.0486923175112,48.636979345527],[-2.1334957716008,48.637088444356],[-2.1503248031597,48.627053106726],[-2.123706231573,48.604405598781],[-2.1499380113847,48.618144903262],[-2.1671048198147,48.577200977009],[-2.1867457952027,48.581332257121],[-2.1907385165715,48.607291557859],[-2.21335707635,48.573864486479],[-2.2128021263747,48.591597817216],[-2.255746903771,48.636212558848],[-2.2474165357948,48.64605213615],[-2.3093749578841,48.615045727598],[-2.3374665466618,48.619724874202],[-2.2855346588191,48.664290733117],[-2.3208712795063,48.684419235861],[-2.4170943649191,48.633088916817],[-2.4356296138472,48.652182703457],[-2.4872910684902,48.642786536017],[-2.4680102449695,48.635312407707],[-2.4734313644435,48.62252003118],[-2.5502739246772,48.598731144351],[-2.6301671474734,48.52631880702],[-2.6815598011872,48.531128876642],[-2.6756124530025,48.491060969957],[-2.7209469178587,48.533161085877],[-2.7179738137973,48.555376234837],[-2.8196028872168,48.593528075876],[-2.8413210056003,48.663352340555],[-2.9417423433506,48.719207198957],[-2.9286347276991,48.75442692542],[-3.0436410172513,48.78335094785],[-3.0061398616086,48.800293214921],[-3.0136302920911,48.822137752778],[-3.0704323241691,48.82090011268],[-3.0996365562548,48.768295722963],[-3.1209423921449,48.75925434366],[-3.0791514131107,48.830043840648],[-3.0995153912282,48.830871265548],[-3.0840007772064,48.86569562865],[-3.1679437352953,48.853146277189],[-3.2207371801151,48.784042672625],[-3.236466054402,48.78981066303],[-3.2028272774671,48.834506769958],[-3.2187412745723,48.833872684775],[-3.2109738852073,48.854759740147],[-3.2317564057757,48.867411825697],[-3.2643350622758,48.834201312354],[-3.3194282929708,48.838251369288],[-3.3975515012589,48.800749976127],[-3.4405519736274,48.798305659443],[-3.4282482665937,48.816467818251],[-3.4534252470278,48.815730292786],[-3.4767632379266,48.836553086027],[-3.5343259712649,48.82416982369],[-3.5452296969806,48.811547911235],[-3.5350388142712,48.802711262754],[-3.5850133196812,48.775496976258],[-3.5494040209786,48.745685503762],[-3.5556341959095,48.727456570909],[-3.5848136756599,48.717143137778],[-3.5821292852091,48.688828850154],[-3.567388863762,48.682875835381],[-3.5799037605619,48.670722300382],[-3.6229753236901,48.685744443578],[-3.659150584255,48.65920940185],[-3.6427952345386,48.672116059351],[-3.6467030637851,48.693879158358],[-3.678008056564,48.6868131946],[-3.733246519616,48.707417936626],[-3.7874929573455,48.701796106506],[-3.8189371050949,48.715169992971],[-3.8207715463903,48.701352197337],[-3.8323743274237,48.711935659748],[-3.854473660269,48.686373923346],[-3.8462585860527,48.660181151839],[-3.8644147711301,48.670330901442],[-3.8476669948955,48.629829226039],[-3.8112820121955,48.628921123577],[-3.845545208747,48.626964725465],[-3.8594929672683,48.614341229007],[-3.849569898842,48.603769246722],[-3.870645571273,48.603991093386],[-3.8582182784982,48.628753894668],[-3.8977104457356,48.646355840782],[-3.9061966723813,48.660822813734],[-3.8911113303248,48.670896023532],[-3.9211812871032,48.674928420785],[-3.9511773774201,48.64534928167],[-3.9350128282325,48.598682887091],[-3.9533827361611,48.619436180599],[-3.9531383099577,48.672136886316],[-3.9757432893007,48.699031896983],[-3.9668077805805,48.71962530493],[-3.9834371521249,48.726305142899],[-4.0005364915392,48.711631523299],[-4.00691837417,48.725943849009],[-4.05679529974,48.700628181133],[-4.054393138583,48.686103289763],[-4.0357733711589,48.687647754123],[-4.051846523964,48.685879537102],[-4.062861068735,48.686845166172],[-4.0649374880881,48.682530706916],[-4.0568934162742,48.674767821986],[-4.0571166422626,48.669615204766],[-4.0837978480658,48.692972814592],[-4.1869344610679,48.686462205394],[-4.2202278931,48.656147005163],[-4.1944787323442,48.651996425077],[-4.2727657939881,48.649579657653],[-4.298511346251,48.632640665789],[-4.3161502824027,48.6377481823],[-4.2996369633509,48.665116140117],[-4.3491342048311,48.676475817994],[-4.4271033577354,48.652260777339],[-4.3973621699253,48.636382202849],[-4.5018039011118,48.621186293816],[-4.5217973483906,48.634384422626],[-4.5686991918772,48.611035547029],[-4.5010373888533,48.589811497922],[-4.4784064441396,48.572079336292],[-4.5301441266128,48.595053424544],[-4.5907770172397,48.594023648193],[-4.5983162877184,48.608011192206],[-4.6076603107424,48.596461551968],[-4.6091605495172,48.575417985689],[-4.5943705717022,48.574743580335],[-4.5801834734014,48.562246351219],[-4.5070588436056,48.552881062623],[-4.5955507847055,48.55340430731],[-4.5960814216726,48.570438077138],[-4.6306065814165,48.577693340766],[-4.7044107361523,48.570031278847],[-4.7041124380651,48.55004761455],[-4.730581474956,48.556345629552],[-4.7635828540663,48.531059613438],[-4.7769978959372,48.503117217189],[-4.7590583232069,48.470397966682],[-4.7247008796397,48.476861968664],[-4.7181616044021,48.474382375186],[-4.7611553982669,48.468817732499],[-4.7933430625428,48.416235956794],[-4.7606271557314,48.378356703241],[-4.769305808625,48.365005717503],[-4.7463155347754,48.366807677946],[-4.7807548157661,48.358363845243],[-4.7723051357322,48.3291788831],[-4.7076075032169,48.33225949433],[-4.6789098567497,48.355448029721],[-4.6087240373586,48.337888380763],[-4.4818709168706,48.382521354469],[-4.4352859423298,48.383389050061],[-4.4338958111962,48.396024852756],[-4.4029442647564,48.390018662486],[-4.2702426519452,48.443139989615],[-4.4075253481222,48.380534385031],[-4.4417567491006,48.353615394797],[-4.4474594889754,48.325680817565],[-4.4124769164851,48.338352509698],[-4.4163170599611,48.324328314613],[-4.375252431501,48.326306182232],[-4.36648632172,48.344799621581],[-4.3184802838845,48.362170547974],[-4.3293983637326,48.340226102871],[-4.2686529295318,48.357661263029],[-4.3311785781541,48.314620491654],[-4.2552434563502,48.327339655502],[-4.2817306872962,48.314149062808],[-4.2534876243539,48.303212221974],[-4.2442433895792,48.310027860449],[-4.2211459325096,48.313944890499],[-4.235717819888,48.299236060644],[-4.1931432406796,48.297525450846],[-4.2794340183855,48.277816418923],[-4.2484420972136,48.264631942186],[-4.2406571035438,48.254405816531],[-4.2167166565259,48.260995596762],[-4.1348498208433,48.241446486915],[-4.1116189250934,48.248754930303],[-4.1175321579093,48.218293752035],[-4.1166622525471,48.243891023864],[-4.1390764254618,48.236414029256],[-4.1866606053631,48.246536490853],[-4.2065317390478,48.239079225838],[-4.2172932355759,48.257615458861],[-4.2433744175044,48.248830219336],[-4.2888943288774,48.273391061815],[-4.2716752810253,48.295919896917],[-4.3844939336359,48.275154271566],[-4.4237773421087,48.291670034681],[-4.5026015309363,48.280860913221],[-4.5076962523209,48.310708704249],[-4.5357701963006,48.283943449529],[-4.554653966239,48.305229930158],[-4.534438235185,48.341855622806],[-4.5793535371685,48.317985114981],[-4.5666340173701,48.28602319912],[-4.6191913673877,48.277687013901],[-4.619781824787,48.263922349139],[-4.5438454031052,48.24868513629],[-4.5640287889751,48.2322275804],[-4.5541303580757,48.16777550723],[-4.4973006895694,48.216773771782],[-4.5016483626877,48.230419925672],[-4.4653241430918,48.238849224143],[-4.321138409743,48.203983579585],[-4.2961692415125,48.18374048752],[-4.2928384902475,48.157399085257],[-4.2728823550444,48.15261578729],[-4.2842966027835,48.107888922651],[-4.3069930438711,48.089185950308],[-4.3635604323207,48.109200301918],[-4.4102497059559,48.106021543169],[-4.7163398904359,48.062467036521],[-4.7061206861273,48.046515667905],[-4.7319575291791,48.040893238655],[-4.6329587586753,48.029369004938],[-4.5647501712087,47.999835676162],[-4.5275338903593,48.038813163833],[-4.4908482002677,48.037763735843],[-4.533671803235,48.032224270518],[-4.5368798410152,48.012491630575],[-4.453576704456,47.981777636275],[-4.3831477088582,47.920166127561],[-4.3461614463077,47.83907388297],[-4.3792556925789,47.822050720065],[-4.3740484540088,47.798476085782],[-4.1830918880616,47.801119297178],[-4.1594079263305,47.831817813505],[-4.1901412601814,47.845710698478],[-4.1956480316546,47.876129863398],[-4.1751052516171,47.875971241102],[-4.1635564220902,47.849182582249],[-4.112806039055,47.864208198344],[-4.137658347962,47.894582683745],[-4.1708547880177,47.8953395061],[-4.1761366756887,47.907137170322],[-4.1456111634641,47.897377929735],[-4.148590650053,47.911784831299],[-4.1387273378666,47.924044327709],[-4.1308490218786,47.931268820614],[-4.1108035376299,47.93643845362],[-4.1190963576079,47.965215491657],[-4.1016356245061,47.971599102005],[-4.1087754636036,47.943453280151],[-4.1020999408589,47.943776649876],[-4.0956059707875,47.942285082434],[-4.0692977797773,47.932994994369],[-4.1099898432396,47.941311270221],[-4.1097870557359,47.936359164606],[-4.1181705270283,47.930255946671],[-4.139164438695,47.922460714167],[-4.1443044504617,47.910760442169],[-4.1159615009132,47.896856576902],[-4.1252299289635,47.891470213865],[-4.1056167417756,47.880825466194],[-4.111754023183,47.871778721185],[-4.0671722794896,47.871304673568],[-4.0415835187416,47.845999773961],[-3.9771079749911,47.853797355451],[-3.9901858673016,47.897194307453],[-3.9460127072472,47.904512361767],[-3.9474946202184,47.88711050561],[-3.9115007019574,47.870280163635],[-3.9076519705946,47.850796954617],[-3.8786296538741,47.85985859324],[-3.9024789053236,47.835940597569],[-3.84572557896,47.792371643861],[-3.7390151985065,47.799208059102],[-3.7551978618649,47.834488862226],[-3.7477173111188,47.84804993496],[-3.7325477346747,47.802927405811],[-3.6963578449864,47.821631029813],[-3.6395727310812,47.829022806522],[-3.7218026363467,47.803803079831],[-3.6808379137393,47.776793307824],[-3.5386367482063,47.762638930067],[-3.53051730308,47.791502368376],[-3.5212461653116,47.798868078426],[-3.5429118524408,47.82217178773],[-3.5396500367876,47.836179727509],[-3.5230056259837,47.849146782891],[-3.5382920395566,47.836022619198],[-3.517378148747,47.805037826205],[-3.5300214665675,47.774211050848],[-3.4527575847414,47.695339093038],[-3.3871098313882,47.701882463104],[-3.355826445994,47.732409734807],[-3.3544542975997,47.755696125363],[-3.4039191506616,47.808588388794],[-3.3888173824306,47.828583279765],[-3.3863633061724,47.799127149194],[-3.3599003243263,47.770262617649],[-3.3453319709584,47.742345919008],[-3.2868860599005,47.777329494472],[-3.2951697271538,47.782880731069],[-3.2943616503234,47.793514258062],[-3.2828453776154,47.779836456454],[-3.3639383928461,47.709062757079],[-3.2878626003796,47.700955753699],[-3.2793828205633,47.688382137975],[-3.3391554032424,47.698462988187],[-3.2149712295324,47.645222611468],[-3.2189237367916,47.666402207114],[-3.1903765047009,47.690890020276],[-3.2010030764507,47.697371761748],[-3.1687810020071,47.704127663223],[-3.1688533919676,47.725360755286],[-3.1990309772254,47.745612263171],[-3.1600761495593,47.728976621526],[-3.1498915318559,47.753844276],[-3.1278439681595,47.751366190855],[-3.1493499098343,47.737340126654],[-3.1356129103199,47.734051406931],[-3.1493565548036,47.721594210494],[-3.1259673333102,47.723460801941],[-3.1280609317144,47.705557196606],[-3.1497463833687,47.715039243948],[-3.1644539365533,47.694638292784],[-3.1523379537939,47.688816130864],[-3.1905086423658,47.682544307053],[-3.2097600334006,47.640692378745],[-3.1494412574588,47.596336414351],[-3.1345818841427,47.548823597227]],[[-3.416338603723,47.630594308492],[-3.4969409139507,47.653807933351],[-3.5146990070836,47.646601523309],[-3.4619142000708,47.620345627722],[-3.416338603723,47.630594308492]],[[-4.8529736016509,48.03969551303],[-4.8501425738701,48.032284716455],[-4.8460026481755,48.031546021476],[-4.8529736016509,48.03969551303]],[[-4.9534495087496,48.396063243047],[-4.9653125314318,48.392763909122],[-4.9591907961931,48.38941380587],[-4.9534495087496,48.396063243047]],[[-5.1016868570136,48.455914476174],[-5.1059118332911,48.436349765333],[-5.0368443528676,48.45886235964],[-5.0725232805168,48.482730316788],[-5.138001239929,48.448413926313],[-5.1016868570136,48.455914476174]],[[-4.0062293732672,48.752081933672],[-4.0397770750633,48.746526903072],[-3.9918110541337,48.736399873504],[-4.0062293732672,48.752081933672]],[[-3.5626291425722,48.80313743855],[-3.5836489264715,48.804750470639],[-3.5838774341471,48.794094648663],[-3.5821390827057,48.797750094244],[-3.5626291425722,48.80313743855]],[[-3.0130894554754,48.856420115989],[-3.0114954582397,48.841507416855],[-2.9973549839607,48.839215086805],[-2.9941385070247,48.864342720942],[-3.0130894554754,48.856420115989]],[[-2.2861197201191,46.695671725007],[-2.3829626597426,46.732131547952],[-2.398720979356,46.717509050217],[-2.3339086309831,46.686335754046],[-2.2861197201191,46.695671725007]],[[-2.2231531353026,46.965271208862],[-2.1481807818467,46.897354236385],[-2.1571813233526,46.950033359583],[-2.2325436635554,46.975080978728],[-2.2467985496717,46.99402318693],[-2.2188122423342,46.991712728633],[-2.2256229438599,47.016854719984],[-2.3042054070871,47.025060693728],[-2.2925186097225,47.012555022671],[-2.3018128385192,46.98974006744],[-2.2672706062516,46.963959512453],[-2.2231531353026,46.965271208862]],[[-2.8593682205045,47.559950170989],[-2.8379117800168,47.591917276455],[-2.8447503210418,47.601281769517],[-2.8593682205045,47.559950170989]],[[-2.7939896392391,47.601731628428],[-2.8101364175469,47.578234600473],[-2.7868109056903,47.595356275895],[-2.7939896392391,47.601731628428]],[[-1.3127603503815,45.992975701298],[-1.4134350122266,46.04686461584],[-1.3870890531807,45.997163348869],[-1.3839170490528,45.951445390606],[-1.2661547831538,45.878168876396],[-1.2364238849087,45.80453236122],[-1.1956190365959,45.82969276273],[-1.2077101197588,45.85034131532],[-1.188429054638,45.886745497166],[-1.2337729337151,45.927058615789],[-1.236032979657,45.98151962032],[-1.3127603503815,45.992975701298]],[[-1.5353231579785,46.204392826596],[-1.4616048806387,46.202118585061],[-1.3216316554218,46.14503661833],[-1.2567915781519,46.160986989161],[-1.3638972806052,46.207474893999],[-1.4444028688568,46.214089314353],[-1.4129379411055,46.230133712834],[-1.4581989257469,46.228670423688],[-1.4876936351453,46.206896731453],[-1.5150658852389,46.230756676534],[-1.4745480329933,46.23325461767],[-1.500577180767,46.258182208227],[-1.5614800452621,46.245426793509],[-1.5353231579785,46.204392826596]],[[-1.1730223193492,46.024341334555],[-1.1784179090262,46.009718826714],[-1.1755933871772,46.008006002672],[-1.1570214091027,46.021776424925],[-1.1730223193492,46.024341334555]],[[6.2401086957856,43.023049615886],[6.1645371983983,42.997829141178],[6.1978984464393,42.982043008785],[6.2515814932586,43.005545323731],[6.2401086957856,43.023049615886]],[[6.4206661963932,43.013709224929],[6.3824109734744,43.011037691381],[6.3714123570963,42.997142408976],[6.4069003940727,42.997223596606],[6.4206661963932,43.013709224929]],[[6.4337050557377,43.00692292971],[6.4840993795356,43.039003111995],[6.5112885804875,43.046821992697],[6.4702163404405,43.045167505797],[6.4337050557377,43.00692292971]],[[7.0322078648162,43.523439858109],[7.0671175705284,43.513649369297],[7.0708767870982,43.51736504678],[7.0322078648162,43.523439858109]],[[9.273659440522,41.369221791575],[9.2602446048541,41.373651229899],[9.2558829669799,41.368794222327],[9.265698545799,41.362164776515],[9.273659440522,41.369221791575]],[[9.219043430938,41.405620067298],[9.223954267893,41.442488841516],[9.2737573910291,41.461716874199],[9.2872607303693,41.483791768848],[9.2688973149711,41.501624751876],[9.2835508178086,41.515269283463],[9.2730739945179,41.53019271867],[9.3408997155844,41.559241730325],[9.3677959349451,41.591126322899],[9.3215169876122,41.604837299741],[9.2956793037693,41.583322361133],[9.2825337896991,41.596415718545],[9.313615408583,41.628605770718],[9.3534934124458,41.621225659231],[9.3512409796223,41.63956756798],[9.3874913966427,41.657359062003],[9.3723006750494,41.678830164331],[9.4035331655531,41.710840198665],[9.3941343569793,41.79894215528],[9.4125689541656,41.952475652276],[9.5499796055405,42.104165986623],[9.5553355033877,42.129939296594],[9.5588293070416,42.285264635275],[9.5326292091237,42.379024548787],[9.5433893078242,42.427949811941],[9.5331957398235,42.545946562512],[9.446189061428,42.673577272426],[9.4923850966255,42.805100268638],[9.4692380261238,42.936466133294],[9.4515799638757,42.961755392481],[9.4635582980189,42.986401078046],[9.4217576417904,43.011724041684],[9.3408728322382,42.994464747166],[9.3594756551258,42.922887730022],[9.3212743122774,42.893318523418],[9.340297927743,42.865665848638],[9.3110153694299,42.834679311095],[9.3425627879236,42.79480205062],[9.3438196981436,42.73967975654],[9.3013577100648,42.678842422439],[9.2844265705845,42.676336087658],[9.2544476997124,42.718515074833],[9.217626725491,42.734222269857],[9.1245519786652,42.731631049124],[9.0574033625722,42.690749361911],[9.0593208042615,42.660064628209],[9.0175781691279,42.642558551708],[8.9181350468671,42.63690550884],[8.8673920271632,42.608400315298],[8.8026283050166,42.602570328147],[8.8110798196196,42.589684742309],[8.7878053378926,42.558171123435],[8.7270436936434,42.561604463168],[8.7243185035707,42.584093673826],[8.7109904635305,42.576605764442],[8.7174384166581,42.528913191384],[8.6665085981229,42.515223865295],[8.6499303561134,42.478239958239],[8.6794467529756,42.46728078714],[8.6482384069515,42.442410807187],[8.6552300368167,42.415734337364],[8.6084169092937,42.416822082277],[8.6088441270775,42.386379953813],[8.5666906484566,42.370692862461],[8.547948004985,42.379354824713],[8.5432048758181,42.367016637162],[8.5558846856209,42.364749965739],[8.5533077910528,42.333031073096],[8.6002435360509,42.352999825029],[8.6279955733531,42.332296015498],[8.5974331518027,42.316054932892],[8.6604747648044,42.302349862986],[8.690553562757,42.274913999378],[8.688915302285,42.2634494813],[8.5401025407511,42.234990759489],[8.5703414705341,42.230300843511],[8.5813855583817,42.205939854644],[8.582879148895,42.178547241363],[8.5612213909132,42.171782684646],[8.5901738822205,42.163884812642],[8.5597132553329,42.145951098821],[8.5897456767979,42.149152267892],[8.5825175645431,42.129323208282],[8.6156570490403,42.133241914836],[8.6605028767172,42.103588496488],[8.7011957293412,42.111181994242],[8.7198555560589,42.06351093709],[8.7469869224827,42.0502108539],[8.6564246405607,42.009345707145],[8.6690409063038,41.990179820962],[8.65783247709,41.974177322711],[8.5958844509261,41.9660969095],[8.6207764177835,41.939541948075],[8.6092442196276,41.907178516414],[8.7214300448374,41.909256183947],[8.7549076702854,41.932565729457],[8.7858171453796,41.920265738823],[8.8031333721604,41.891381047926],[8.781211947867,41.880668839163],[8.7908409545875,41.858869936694],[8.767794604169,41.845931092466],[8.7820652523774,41.833703364592],[8.7712959607968,41.811239419914],[8.709251171466,41.799404194076],[8.7300880504804,41.77591212379],[8.6585643232553,41.741804670222],[8.6976380199228,41.741319354452],[8.709235607136,41.722280845975],[8.7724546247573,41.741517274673],[8.7840121151549,41.735352259439],[8.7729726652092,41.711919063255],[8.9145075925891,41.689723682063],[8.8695009599086,41.646091120096],[8.7930767849103,41.629554383445],[8.7771927389114,41.592763979819],[8.8019653365352,41.5725251973],[8.7885345993036,41.557735921446],[8.8416810361388,41.546552827363],[8.8450740207766,41.517958079633],[8.8778100883194,41.523794452944],[8.8846150462285,41.50507236925],[8.9147467175153,41.507208151354],[8.9227617078566,41.489104662494],[8.9594585113313,41.492130159311],[8.9844353460682,41.474917548601],[8.9947880496257,41.485533911658],[9.0382611446596,41.459645198212],[9.0799374893646,41.477487535813],[9.0743134372406,41.442920620722],[9.120687595476,41.437616309687],[9.0938398987455,41.393839319394],[9.2196789477427,41.368211945774],[9.2651023772974,41.428283396377],[9.219043430938,41.405620067298]]],[[[1.9597995518936,42.453259523701],[1.9852366742395,42.494087138619],[1.9983873125909,42.484976092675],[1.9872946716006,42.469685808584],[2.0143774276283,42.4517697466],[1.9597995518936,42.453259523701]]],[[[5.1496876211759,43.457026659088],[5.2175169994984,43.488096323996],[5.2272433423725,43.456708753295],[5.137266271971,43.400185493623],[5.0703896715519,43.400202593118],[5.0518847547722,43.463560167399],[5.006004863914,43.469664960408],[4.9985487475088,43.49810611091],[5.0219939854938,43.55615613908],[5.046434902166,43.522138786534],[5.1086615060731,43.525496816445],[5.1496876211759,43.457026659088]]]]}},{"type":"Feature","properties":{},"geometry":{"type":"MultiPolygon","coordinates":[[[[-3.0865518494098,47.283069445657],[-3.1762732030367,47.300368448324],[-3.2171954083953,47.293469947191],[-3.2387014326446,47.303636953067],[-3.2490903024394,47.316119926971],[-3.2354396164691,47.323814198525],[-3.2635566742404,47.352257081813],[-3.2618219738531,47.371275182462],[-3.244700982732,47.387618359758],[-3.1940480650506,47.36588680083],[-3.1607551004582,47.363508144641],[-3.1396470634137,47.329840381841],[-3.0558953355795,47.308175301573],[-3.0865518494098,47.283069445657]]],[[[-2.8889373598256,47.336881352963],[-2.8688242027986,47.347187413333],[-2.8622670812163,47.345672125099],[-2.8640228377349,47.337396656922],[-2.8889373598256,47.336881352963]]],[[[-2.9478270505448,47.373442153039],[-2.9734969970118,47.385337455258],[-2.9817118141596,47.391640116113],[-2.9497473196772,47.391474918453],[-2.9539501005726,47.383664372021],[-2.9478270505448,47.373442153039]]],[[[-3.1345818841427,47.548823597227],[-3.1397514157784,47.579595849581],[-3.1582804859539,47.606714645112],[-3.1926562041934,47.621875108037],[-3.2097600334006,47.640692378745],[-3.2058768393651,47.665447474836],[-3.1905086423658,47.682544307053],[-3.1622880424494,47.680141384504],[-3.1625112641071,47.686802371853],[-3.1523379537939,47.688816130864],[-3.1473935307849,47.69554077014],[-3.1644539365533,47.694638292784],[-3.1487611375799,47.70359036418],[-3.1497463833687,47.715039243948],[-3.142701283928,47.716678493166],[-3.1439930291641,47.706565141662],[-3.1280609317144,47.705557196606],[-3.1259673333102,47.723460801941],[-3.1493565548036,47.721594210494],[-3.1356129103199,47.734051406931],[-3.1493499098343,47.737340126654],[-3.1278439681595,47.751366190855],[-3.1479228024247,47.743885491282],[-3.1498915318559,47.753844276],[-3.1600761495593,47.728976621526],[-3.188663945273,47.746532922908],[-3.1990309772254,47.745612263171],[-3.1916586383584,47.7460528538],[-3.1923434965549,47.732135637293],[-3.1785689760939,47.736531407586],[-3.1688533919676,47.725360755286],[-3.1746363055634,47.723148407528],[-3.1687810020071,47.704127663223],[-3.2010030764507,47.697371761748],[-3.1903765047009,47.690890020276],[-3.2189237367916,47.666402207114],[-3.2122118162178,47.662214746609],[-3.2149712295324,47.645222611468],[-3.2792493965032,47.682708088815],[-3.3391554032424,47.698462988187],[-3.2793828205633,47.688382137975],[-3.2878626003796,47.700955753699],[-3.3639383928461,47.709062757079],[-3.3426961196358,47.715918400249],[-3.346303858965,47.734588126015],[-3.3361476227018,47.728997614093],[-3.3215796590588,47.73525260819],[-3.2828453776154,47.779836456454],[-3.2943616503234,47.793514258062],[-3.2951697271538,47.782880731069],[-3.2868860599005,47.777329494472],[-3.3245137209788,47.757065926462],[-3.3238312586273,47.747889296245],[-3.3453319709584,47.742345919008],[-3.3599003243263,47.770262617649],[-3.3863633061724,47.799127149194],[-3.3892922767026,47.809488569569],[-3.3865562429581,47.81512350649],[-3.3888173824306,47.828583279765],[-3.3872032091094,47.815542372325],[-3.4039191506616,47.808588388794],[-3.3901974229317,47.804258779122],[-3.3656960580834,47.761367082188],[-3.3544542975997,47.755696125363],[-3.355826445994,47.732409734807],[-3.3871098313882,47.701882463104],[-3.4304385578708,47.703212158669],[-3.4527575847414,47.695339093038],[-3.5002201860967,47.731474104191],[-3.5300214665675,47.774211050848],[-3.517378148747,47.805037826205],[-3.5359136532779,47.816437273679],[-3.5382920395566,47.836022619198],[-3.5230056259837,47.849146782891],[-3.5396500367876,47.836179727509],[-3.5429118524408,47.82217178773],[-3.5212461653116,47.798868078426],[-3.53051730308,47.791502368376],[-3.5386367482063,47.762638930067],[-3.670099651884,47.782985158502],[-3.6808379137393,47.776793307824],[-3.7218026363467,47.803803079831],[-3.6981307339195,47.818177531889],[-3.6512321932177,47.82021624926],[-3.6395727310812,47.829022806522],[-3.6507173560851,47.822474645573],[-3.6963578449864,47.821631029813],[-3.7325477346747,47.802927405811],[-3.7502990083113,47.835579180027],[-3.7477173111188,47.84804993496],[-3.7551978618649,47.834488862226],[-3.7458777811847,47.826270991205],[-3.7390151985065,47.799208059102],[-3.8005952117561,47.787633600944],[-3.8206986898906,47.797035412496],[-3.84572557896,47.792371643861],[-3.9024789053236,47.835940597569],[-3.8786296538741,47.85985859324],[-3.9076519705946,47.850796954617],[-3.9115007019574,47.870280163635],[-3.9291853857822,47.870728950257],[-3.9318150077372,47.879930376283],[-3.9474946202184,47.88711050561],[-3.9460127072472,47.904512361767],[-3.952255270628,47.894973629627],[-3.9901858673016,47.897194307453],[-3.9771079749911,47.853797355451],[-4.0415835187416,47.845999773961],[-4.0737520820934,47.865303029075],[-4.0671722794896,47.871304673568],[-4.0973424184599,47.861927402731],[-4.111754023183,47.871778721185],[-4.1180314369444,47.879236269177],[-4.1056167417756,47.880825466194],[-4.1252299289635,47.891470213865],[-4.1159615009132,47.896856576902],[-4.1271770663121,47.892580667011],[-4.1443044504617,47.910760442169],[-4.139164438695,47.922460714167],[-4.1181705270283,47.930255946671],[-4.1097870557359,47.936359164606],[-4.1099898432396,47.941311270221],[-4.0692977797773,47.932994994369],[-4.1087754636036,47.943453280151],[-4.0942945270601,47.962343568462],[-4.1016356245061,47.971599102005],[-4.1190963576079,47.965215491657],[-4.1108035376299,47.93643845362],[-4.1387273378666,47.924044327709],[-4.148590650053,47.911784831299],[-4.1456111634641,47.897377929735],[-4.1676279231706,47.897460130306],[-4.1761366756887,47.907137170322],[-4.1708547880177,47.8953395061],[-4.137658347962,47.894582683745],[-4.112806039055,47.864208198344],[-4.1635564220902,47.849182582249],[-4.1751052516171,47.875971241102],[-4.1956480316546,47.876129863398],[-4.1917255768507,47.867926519042],[-4.1985842210014,47.859767014899],[-4.1901412601814,47.845710698478],[-4.1779637170825,47.83448054667],[-4.1594079263305,47.831817813505],[-4.1830918880616,47.801119297178],[-4.2692270352914,47.79098118891],[-4.278552033431,47.793791055402],[-4.2722712115305,47.800871512094],[-4.2830280641124,47.793175016533],[-4.3006431701873,47.800655377738],[-4.3740484540088,47.798476085782],[-4.3792556925789,47.822050720065],[-4.3497868197221,47.830652116191],[-4.3461614463077,47.83907388297],[-4.3626444835344,47.888998053998],[-4.3831477088582,47.920166127561],[-4.4246099459353,47.963758867166],[-4.453576704456,47.981777636275],[-4.5368798410152,48.012491630575],[-4.5322653352324,48.019398105927],[-4.533671803235,48.032224270518],[-4.4908482002677,48.037763735843],[-4.5275338903593,48.038813163833],[-4.5337346241766,48.034251533111],[-4.5371209838171,48.025531020283],[-4.5354686247182,48.017133997178],[-4.5647501712087,47.999835676162],[-4.6171479742083,48.016679284353],[-4.6329587586753,48.029369004938],[-4.6561043985122,48.022253736514],[-4.7319575291791,48.040893238655],[-4.7061206861273,48.046515667905],[-4.7163398904359,48.062467036521],[-4.6737632606973,48.060829548571],[-4.6682276450746,48.070200865274],[-4.6215045733748,48.068419761449],[-4.57070173021,48.081770786412],[-4.5536216450504,48.077132543168],[-4.5400399621897,48.087861184127],[-4.4885983026016,48.086473104323],[-4.4666979200231,48.099143817185],[-4.4350684487573,48.097322911408],[-4.4102497059559,48.106021543169],[-4.3635604323207,48.109200301918],[-4.3069930438711,48.089185950308],[-4.2842966027835,48.107888922651],[-4.2837291765835,48.126894213088],[-4.2704589617625,48.134975311003],[-4.2728823550444,48.15261578729],[-4.2928384902475,48.157399085257],[-4.2961692415125,48.18374048752],[-4.321138409743,48.203983579585],[-4.3674265719653,48.205181125133],[-4.3764153744941,48.217120653017],[-4.4653241430918,48.238849224143],[-4.5016483626877,48.230419925672],[-4.4973006895694,48.216773771782],[-4.5401709706587,48.180690252545],[-4.5396785660795,48.170248926865],[-4.5541303580757,48.16777550723],[-4.5596082060256,48.17711135202],[-4.5496466530638,48.194260085865],[-4.5640287889751,48.2322275804],[-4.5445091004672,48.241191020822],[-4.5438454031052,48.24868513629],[-4.5569190506934,48.258677202718],[-4.583579355652,48.25247718648],[-4.619781824787,48.263922349139],[-4.6191913673877,48.277687013901],[-4.6010351660969,48.283328561972],[-4.5920264733919,48.274941952167],[-4.5666340173701,48.28602319912],[-4.5793535371685,48.317985114981],[-4.5711366097909,48.33004851178],[-4.534438235185,48.341855622806],[-4.554653966239,48.305229930158],[-4.5530667889833,48.294627127468],[-4.5357701963006,48.283943449529],[-4.5076962523209,48.310708704249],[-4.5010461586171,48.306105555944],[-4.5129990628384,48.297069816261],[-4.5026015309363,48.280860913221],[-4.4550522136348,48.292771537786],[-4.4237773421087,48.291670034681],[-4.4121223635074,48.277431878755],[-4.3844939336359,48.275154271566],[-4.3080337336786,48.297163385068],[-4.2716752810253,48.295919896917],[-4.2845412149644,48.287650160728],[-4.2888943288774,48.273391061815],[-4.2595853011287,48.266201814358],[-4.2433744175044,48.248830219336],[-4.2172932355759,48.257615458861],[-4.2065317390478,48.239079225838],[-4.1866606053631,48.246536490853],[-4.1390764254618,48.236414029256],[-4.1166622525471,48.243891023864],[-4.1175321579093,48.218293752035],[-4.1116189250934,48.248754930303],[-4.1348498208433,48.241446486915],[-4.1506378588423,48.249615790102],[-4.2079834304869,48.251025418009],[-4.2167166565259,48.260995596762],[-4.2406571035438,48.254405816531],[-4.2484420972136,48.264631942186],[-4.2794340183855,48.277816418923],[-4.2339831734409,48.291663390615],[-4.1959100838873,48.291666654122],[-4.1931432406796,48.297525450846],[-4.235717819888,48.299236060644],[-4.2406285870526,48.307749619635],[-4.2211459325096,48.313944890499],[-4.2442433895792,48.310027860449],[-4.2534876243539,48.303212221974],[-4.2817306872962,48.314149062808],[-4.2498970368207,48.323777502036],[-4.2552434563502,48.327339655502],[-4.2931983397824,48.311355653833],[-4.3311785781541,48.314620491654],[-4.3193230354044,48.328719432997],[-4.2778326657637,48.34461298157],[-4.2906028982754,48.350544186463],[-4.2686529295318,48.357661263029],[-4.3021752717996,48.355639238358],[-4.3021566253156,48.34377489677],[-4.3293983637326,48.340226102871],[-4.3184802838845,48.362170547974],[-4.3446175802594,48.343247421931],[-4.36648632172,48.344799621581],[-4.375252431501,48.326306182232],[-4.4163170599611,48.324328314613],[-4.4082664598496,48.333729635578],[-4.4124769164851,48.338352509698],[-4.4474594889754,48.325680817565],[-4.4417567491006,48.353615394797],[-4.4075253481222,48.380534385031],[-4.3138765254734,48.415665184751],[-4.2702426519452,48.443139989615],[-4.4029442647564,48.390018662486],[-4.4338958111962,48.396024852756],[-4.4352859423298,48.383389050061],[-4.4818709168706,48.382521354469],[-4.5380169478944,48.357124862764],[-4.5544645238107,48.361262008707],[-4.6087240373586,48.337888380763],[-4.6281010576136,48.337509419286],[-4.6789098567497,48.355448029721],[-4.6947201664113,48.352846958156],[-4.7076075032169,48.33225949433],[-4.7723051357322,48.3291788831],[-4.7713352334093,48.348321487205],[-4.7807548157661,48.358363845243],[-4.7506521883353,48.360128043709],[-4.7463155347754,48.366807677946],[-4.769305808625,48.365005717503],[-4.7606271557314,48.378356703241],[-4.7744540702471,48.389384734113],[-4.7759472329998,48.406862882701],[-4.7933430625428,48.416235956794],[-4.7611553982669,48.468817732499],[-4.7594918028221,48.459778550855],[-4.7527820848539,48.469417115173],[-4.7181616044021,48.474382375186],[-4.7590583232069,48.470397966682],[-4.7769978959372,48.503117217189],[-4.7579904988592,48.520934810502],[-4.7635828540663,48.531059613438],[-4.750430701927,48.531787625414],[-4.7505716364016,48.543395532423],[-4.730581474956,48.556345629552],[-4.7041124380651,48.55004761455],[-4.7044107361523,48.570031278847],[-4.6674124826728,48.574270743767],[-4.6631650766117,48.568936281375],[-4.6306065814165,48.577693340766],[-4.5960814216726,48.570438077138],[-4.5955507847055,48.55340430731],[-4.5782900267256,48.560381009959],[-4.5070588436056,48.552881062623],[-4.5801834734014,48.562246351219],[-4.5943705717022,48.574743580335],[-4.6091605495172,48.575417985689],[-4.6076603107424,48.596461551968],[-4.5983162877184,48.608011192206],[-4.5856196284358,48.601472677829],[-4.5907770172397,48.594023648193],[-4.5301441266128,48.595053424544],[-4.4784064441396,48.572079336292],[-4.5010373888533,48.589811497922],[-4.5139880382716,48.588390368168],[-4.5686991918772,48.611035547029],[-4.5614793437335,48.623801490681],[-4.5217973483906,48.634384422626],[-4.5018039011118,48.621186293816],[-4.4627628924552,48.627056184203],[-4.4469441913165,48.638394323748],[-4.3973621699253,48.636382202849],[-4.4271033577354,48.652260777339],[-4.3980441994007,48.65561478084],[-4.3491342048311,48.676475817994],[-4.2996369633509,48.665116140117],[-4.2954040446046,48.660446563113],[-4.3161502824027,48.6377481823],[-4.298511346251,48.632640665789],[-4.2727657939881,48.649579657653],[-4.1944787323442,48.651996425077],[-4.2202278931,48.656147005163],[-4.1869344610679,48.686462205394],[-4.0837978480658,48.692972814592],[-4.0571166422626,48.669615204766],[-4.062861068735,48.686845166172],[-4.051846523964,48.685879537102],[-4.0357733711589,48.687647754123],[-4.054393138583,48.686103289763],[-4.05679529974,48.700628181133],[-4.0429161757203,48.70265342713],[-4.0353886405866,48.713928688184],[-4.0118959340292,48.715294398845],[-4.00691837417,48.725943849009],[-4.0005364915392,48.711631523299],[-3.9834371521249,48.726305142899],[-3.9668077805805,48.71962530493],[-3.9757432893007,48.699031896983],[-3.9691581056971,48.676107684525],[-3.9531383099577,48.672136886316],[-3.9533827361611,48.619436180599],[-3.9350128282325,48.598682887091],[-3.9389091344665,48.614527740582],[-3.9505595625798,48.623766034332],[-3.9511773774201,48.64534928167],[-3.9494659266738,48.652861005926],[-3.9300674451266,48.657839171964],[-3.9211812871032,48.674928420785],[-3.8911113303248,48.670896023532],[-3.9061966723813,48.660822813734],[-3.8977104457356,48.646355840782],[-3.8582182784982,48.628753894668],[-3.861854488043,48.608394557359],[-3.870645571273,48.603991093386],[-3.849569898842,48.603769246722],[-3.8594929672683,48.614341229007],[-3.845545208747,48.626964725465],[-3.8112820121955,48.628921123577],[-3.8476669948955,48.629829226039],[-3.8644147711301,48.670330901442],[-3.8557517590033,48.673597928146],[-3.8462585860527,48.660181151839],[-3.854473660269,48.686373923346],[-3.8323743274237,48.711935659748],[-3.8207715463903,48.701352197337],[-3.8189371050949,48.715169992971],[-3.7874929573455,48.701796106506],[-3.733246519616,48.707417936626],[-3.7013317109337,48.689854552515],[-3.678008056564,48.6868131946],[-3.6467030637851,48.693879158358],[-3.6547881028975,48.682400406377],[-3.6427952345386,48.672116059351],[-3.659150584255,48.65920940185],[-3.6229753236901,48.685744443578],[-3.6134373556063,48.672125467118],[-3.5799037605619,48.670722300382],[-3.567388863762,48.682875835381],[-3.5821292852091,48.688828850154],[-3.5848136756599,48.717143137778],[-3.5556341959095,48.727456570909],[-3.5494040209786,48.745685503762],[-3.5780706522181,48.763052810216],[-3.5850133196812,48.775496976258],[-3.5670493902465,48.796072228502],[-3.5547658172024,48.791459551841],[-3.5350388142712,48.802711262754],[-3.5452296969806,48.811547911235],[-3.5343259712649,48.82416982369],[-3.5262014507694,48.821254750331],[-3.5132038128061,48.834999450202],[-3.5102190015828,48.827666021396],[-3.4898252065256,48.825603219934],[-3.487057183946,48.835210739121],[-3.4767632379266,48.836553086027],[-3.4534252470278,48.815730292786],[-3.4282482665937,48.816467818251],[-3.4405519736274,48.798305659443],[-3.3975515012589,48.800749976127],[-3.3860910507659,48.815072936716],[-3.3570227693774,48.819691247713],[-3.3194282929708,48.838251369288],[-3.2918755715046,48.83192266916],[-3.2808810565774,48.84207127438],[-3.2643350622758,48.834201312354],[-3.2317564057757,48.867411825697],[-3.2197255192397,48.866460220845],[-3.2109738852073,48.854759740147],[-3.2187412745723,48.833872684775],[-3.2028272774671,48.834506769958],[-3.2082284171302,48.813122349364],[-3.236466054402,48.78981066303],[-3.2207371801151,48.784042672625],[-3.2199451047975,48.798910261306],[-3.1679437352953,48.853146277189],[-3.1139737119264,48.866740453944],[-3.0840007772064,48.86569562865],[-3.0939684921183,48.859054809325],[-3.0869165016183,48.843351538499],[-3.0995153912282,48.830871265548],[-3.0791514131107,48.830043840648],[-3.0983841004526,48.804282774149],[-3.1017797073776,48.783225484414],[-3.1221941460846,48.770638657149],[-3.1209423921449,48.75925434366],[-3.0996365562548,48.768295722963],[-3.0854700296144,48.810358940308],[-3.0704323241691,48.82090011268],[-3.0523569695531,48.815396803409],[-3.0136302920911,48.822137752778],[-3.0079489411489,48.818123335033],[-3.0167821898089,48.812113151135],[-3.0061398616086,48.800293214921],[-3.0436410172513,48.78335094785],[-3.0239926616859,48.783128253914],[-3.029395265054,48.775914254773],[-3.0159167403363,48.767132102258],[-2.9645414610051,48.762494954478],[-2.9554262913638,48.769189501689],[-2.9286347276991,48.75442692542],[-2.9416450538097,48.745308799004],[-2.9341631909275,48.737092242062],[-2.9479075153591,48.727211276245],[-2.9417423433506,48.719207198957],[-2.8896153283211,48.696372886916],[-2.8807662374589,48.674241568559],[-2.8413210056003,48.663352340555],[-2.826930459455,48.650565045336],[-2.8153839194992,48.609899617724],[-2.8251563129905,48.600303982104],[-2.8196028872168,48.593528075876],[-2.7793122045816,48.584979704743],[-2.7723220659133,48.570337338437],[-2.7179738137973,48.555376234837],[-2.7247921572497,48.546914137203],[-2.7209469178587,48.533161085877],[-2.6853410595739,48.493258375513],[-2.6756124530025,48.491060969957],[-2.6847820858607,48.498049171075],[-2.6765221053678,48.519145534995],[-2.6815598011872,48.531128876642],[-2.6301671474734,48.52631880702],[-2.628055573891,48.53988279945],[-2.5502739246772,48.598731144351],[-2.5315182573984,48.597242979825],[-2.4734313644435,48.62252003118],[-2.4680102449695,48.635312407707],[-2.4872910684902,48.642786536017],[-2.4356296138472,48.652182703457],[-2.4199175392032,48.64639343748],[-2.4170943649191,48.633088916817],[-2.412172534292,48.641490561257],[-2.3499558587577,48.661250174246],[-2.3208712795063,48.684419235861],[-2.3095552780235,48.670248867579],[-2.2855346588191,48.664290733117],[-2.3116350377043,48.63457311919],[-2.3374665466618,48.619724874202],[-2.3093749578841,48.615045727598],[-2.2474165357948,48.64605213615],[-2.255746903771,48.636212558848],[-2.2433554764628,48.623384047682],[-2.2457501789659,48.615403901289],[-2.2128021263747,48.591597817216],[-2.21335707635,48.573864486479],[-2.1915532278103,48.592304252064],[-2.1907385165715,48.607291557859],[-2.1821193547183,48.599174901368],[-2.1867457952027,48.581332257121],[-2.1671048198147,48.577200977009],[-2.1567074926763,48.587698435173],[-2.1695676200346,48.596654644275],[-2.1499380113847,48.618144903262],[-2.123706231573,48.604405598781],[-2.1503248031597,48.627053106726],[-2.1334957716008,48.637088444356],[-2.0486923175112,48.636979345527],[-2.0550978778787,48.627308162871],[-2.0325285858354,48.626377734785],[-2.0308712336953,48.604423678165],[-1.9946685652283,48.578424268262],[-2.0117662463935,48.571458977418],[-1.9723506867232,48.534638480013],[-1.9870341945665,48.525657088599],[-1.9824347923556,48.500571116643],[-2.001374823712,48.49160310129],[-1.9763533707745,48.498461090966],[-1.9812626085654,48.508986950556],[-1.9693306755786,48.523178885752],[-1.9547996276675,48.522834435277],[-1.9480341971128,48.538808017557],[-1.9689408101185,48.539138345101],[-1.9630715571236,48.555935046598],[-1.9742078804092,48.557792898054],[-1.9861444705807,48.585091512498],[-1.9553321009747,48.57639990534],[-1.9620842108503,48.592630162575],[-1.9919484014969,48.594107232092],[-2.0009122538692,48.597191590206],[-1.9969878073498,48.603691105088],[-2.0110006809827,48.604725563563],[-2.0023941362904,48.613055635525],[-2.0151419114746,48.613981579065],[-2.0136236164094,48.627010189175],[-2.0259859464428,48.634438167728],[-2.0202576088523,48.639910339273],[-2.028955958438,48.646918475376],[-1.995234996379,48.660138273521],[-1.9823378822778,48.672879184591],[-1.9849669305136,48.681290529268],[-1.9425512881469,48.685719750246],[-1.9470222840515,48.691650710081],[-1.9380749435582,48.694458847226],[-1.905837502586,48.690484641205],[-1.8561321209073,48.704854504824],[-1.8371380899061,48.679159712785],[-1.8627254313798,48.667274741628],[-1.8716628360703,48.64740579596],[-1.8666223954374,48.635297119972],[-1.845275032983,48.616402394561],[-1.7677098555132,48.602391347332],[-1.5435452019954,48.63121633289],[-1.5186481112506,48.627241443224],[-1.5119350338709,48.613204027228],[-1.4486886792312,48.623476452443],[-1.4086753867252,48.643170218576],[-1.3473486906907,48.631440882085],[-1.4008843035347,48.658912226981],[-1.3722910891305,48.693789543009],[-1.4453056482617,48.655010677863],[-1.4492892816983,48.670001538869],[-1.506949164136,48.690537590654],[-1.5332466542048,48.731375887277],[-1.5701538176576,48.742946555279],[-1.5727637058664,48.815933237113],[-1.6013201144142,48.836516012355],[-1.577960691002,48.86204227519],[-1.5667225130434,48.910192139364],[-1.5513826951357,48.908785872719],[-1.543453192498,48.931386422725],[-1.5495360815231,48.940185428234],[-1.5621107504118,48.941016659011],[-1.5620060642494,48.981311536522],[-1.5507932300727,49.003261996562],[-1.5561478071951,49.024690465146],[-1.5398053590488,49.034164591611],[-1.5046758506411,49.020131089924],[-1.5425592366551,49.04131785652],[-1.5599148044862,49.038251997214],[-1.5785771444366,49.015283279183],[-1.5745849862677,49.002853692658],[-1.5816167633561,49.002704056487],[-1.6001025052301,49.041603116918],[-1.604299296757,49.059827897338],[-1.5980995781186,49.060221392347],[-1.5984218569282,49.074513497125],[-1.6094145764943,49.079281603206],[-1.6088393671093,49.105599227226],[-1.5947459734594,49.131928426288],[-1.5803021173777,49.131475530663],[-1.5961297533858,49.144126475783],[-1.6107491510687,49.214490949154],[-1.5672651796764,49.220880535097],[-1.5847226746379,49.232085957532],[-1.6169953390227,49.231610466351],[-1.6316846090167,49.21422230031],[-1.6782177867605,49.280142766374],[-1.6652075172903,49.286811899007],[-1.6831075465952,49.28762544819],[-1.71117197286,49.325094637036],[-1.682838538588,49.330768436],[-1.7247902425762,49.327450118599],[-1.7787957331797,49.371673062007],[-1.7715550994518,49.380014363987],[-1.807044519245,49.371886570418],[-1.8198270387403,49.39048194081],[-1.8267734462966,49.452912708931],[-1.8434098400699,49.47077677688],[-1.8526021717957,49.510385793698],[-1.8686791471828,49.51237165287],[-1.8865295575919,49.527614954968],[-1.8856912059509,49.540389845217],[-1.8579144820131,49.551396451585],[-1.8411553937054,49.571639187898],[-1.8477540213282,49.626830925159],[-1.8735603616121,49.657683110741],[-1.9461839215553,49.67434359255],[-1.9358889967542,49.689898256178],[-1.9472733176655,49.704928806767],[-1.9422468301096,49.725557927402],[-1.9165182727857,49.724881008941],[-1.8903328996862,49.707235720277],[-1.8524826023107,49.716941279614],[-1.8144768088678,49.688816817941],[-1.6867469480741,49.673066182254],[-1.6783904494577,49.661233437166],[-1.664413477213,49.65795598597],[-1.6328523940131,49.660641576202],[-1.6240147652106,49.644053113794],[-1.6151605571489,49.643460933616],[-1.6031335534903,49.648187505919],[-1.6052050191179,49.656716801381],[-1.5310932192178,49.655296378864],[-1.4880086411552,49.668247581111],[-1.4710843353661,49.69667139043],[-1.4551125681652,49.691211562863],[-1.4269909419608,49.70188888659],[-1.369566553066,49.706887557051],[-1.2998556023846,49.693520595312],[-1.2679291968387,49.695329176599],[-1.2710072636699,49.679703837122],[-1.2391801151651,49.652402684434],[-1.228866448748,49.607863429808],[-1.2555068915818,49.612306859518],[-1.267613440608,49.581953814631],[-1.2962280470313,49.583173183623],[-1.3077703172096,49.545719294637],[-1.2540361924773,49.481863944352],[-1.1679979463415,49.408031770721],[-1.1617337685799,49.39174984514],[-1.1775396285395,49.36489675323],[-1.1638719829628,49.366572133046],[-1.1360493392017,49.354043408557],[-1.1153961113401,49.351509491506],[-1.1150349421423,49.362395930026],[-1.0782159992234,49.388493551822],[-0.96153935919981,49.396432197815],[-0.92534960513288,49.392510035227],[-0.86098394427237,49.365332568413],[-0.78898084176383,49.353488083495],[-0.41104796344498,49.335217897041],[-0.22569484520744,49.281819588113],[-0.087163331120361,49.297906717769],[0.014301904851625,49.332563177962],[0.13233865500107,49.403571227082],[0.21994143692835,49.426760938177],[0.34059327041276,49.434318983746],[0.3393150124405,49.449872303637],[0.27313585922231,49.453416220586],[0.25239305482957,49.446759847953],[0.12123966998691,49.463194369813],[0.090696994632536,49.482114939562],[0.093998128223838,49.493022491933],[0.065609431053556,49.512574780191],[0.1545404481146,49.648638840156],[0.15041940420529,49.654089298171],[0.16435786084442,49.683595262249],[0.18958482856705,49.704795514512],[0.33889544091349,49.747890071144],[0.36447312419198,49.764320270499],[0.58353382076996,49.852619117872],[0.70196726010642,49.871881124641],[0.79097157704249,49.875749307356],[0.95467186229888,49.91831807638],[1.0257349995033,49.916554108783],[1.1943755832405,49.968033261783],[1.2997853981801,50.029578582167],[1.4326447913126,50.094349140281],[1.4537496636846,50.109970835881],[1.4916774164956,50.184158850335],[1.5124437978409,50.201705539893],[1.5484363732305,50.215217479179],[1.5597034426661,50.216644948136],[1.5742402203094,50.196012165606],[1.5961920997106,50.185502423396],[1.6274144143455,50.190005124318],[1.6733457641263,50.174680696998],[1.683793928232,50.183026098336],[1.66146054916,50.213811834911],[1.6225007114324,50.215151972316],[1.5936087008391,50.244283969393],[1.5922255796555,50.256454778602],[1.549313280898,50.260403925768],[1.5379421306702,50.282668408098],[1.5558295005084,50.361315709087],[1.612966033514,50.360292820052],[1.6242577191597,50.366290636763],[1.6339779035367,50.355381211519],[1.6415398327353,50.352148667835],[1.6252312966713,50.371832567005],[1.5794579461187,50.37922039596],[1.5577948179294,50.404714412055],[1.5812649159212,50.531216803093],[1.5854092273894,50.537352408548],[1.6406222747161,50.508787974213],[1.662803912516,50.506473715894],[1.6357649224772,50.513120814431],[1.5766037238144,50.572223225221],[1.5786444870645,50.639245975938],[1.5607073853506,50.699672766378],[1.5736037455337,50.716166202188],[1.5627006546685,50.724987440831],[1.5867815155178,50.7247859263],[1.5927216933855,50.732014865993],[1.6092170937431,50.804336664539],[1.59968410858,50.805849583644],[1.5940426720119,50.81772590884],[1.5779419504031,50.853333808739],[1.580632768506,50.867343830504],[1.6362283622321,50.877031367494],[1.6641002886514,50.890134303575],[1.7122611515718,50.929408873362],[1.7807166589725,50.954865814239],[2.0845036256491,51.008606935608],[2.1204718030605,50.99191918013],[2.1097045642696,51.003827598587],[2.123515723481,51.014167524083],[2.141504907246,51.022058874598],[2.1673459399511,51.020738207739],[2.170887108766,51.013298216216],[2.1902429400921,51.018038822393],[2.175731267806,51.022590268414],[2.1925606242518,51.027436640575],[2.1918294890846,51.034714947113],[2.2185644874566,51.032224371809],[2.3478325752445,51.059829634673],[2.3995855035021,51.050957305507],[2.5430346061346,51.08854370897],[2.559219752044,51.070050012157],[2.5739982943322,51.003521991804],[2.6012847777962,50.991283503211],[2.6326801578862,50.946008766454],[2.5900087753799,50.919097046833],[2.6075324528985,50.91240659974],[2.6103262931744,50.86206244973],[2.600918059267,50.848411470567],[2.62561536399,50.836560386715],[2.6349756592043,50.812755500853],[2.6690258101157,50.822462129386],[2.7256398356216,50.808632188358],[2.7267028013485,50.792383411441],[2.7621515823535,50.770756585159],[2.7584298773759,50.762930766426],[2.7819457247827,50.75109080132],[2.7956557413456,50.724609008419],[2.8132739834573,50.716945833429],[2.8483860974407,50.722914959975],[2.8701715745294,50.702911374608],[2.8856496977648,50.706611021367],[2.9004290358392,50.693287480044],[2.9109065606969,50.694496081053],[2.9115936515323,50.703838778555],[2.9223300662476,50.702801451402],[2.94083706877,50.733174957645],[2.9401311280558,50.74536514193],[2.9582403353503,50.753446186612],[2.9696585316524,50.749612772394],[3.0587492542001,50.780705789542],[3.083650177989,50.772504284982],[3.1147669732972,50.794187883435],[3.1249879535977,50.786437758612],[3.150782780111,50.790127285347],[3.199134285231,50.734731836468],[3.1912265002692,50.724409127208],[3.2155072743961,50.712360639713],[3.241487162382,50.712571336251],[3.2583766477988,50.700646817566],[3.2536813349226,50.691133824054],[3.2624274548591,50.678483478988],[3.2421106799112,50.666676622112],[3.2411021613015,50.657785417847],[3.2775041513186,50.592959787705],[3.2759630544617,50.55853838771],[3.286524369777,50.527577616965],[3.3288583317067,50.50812409632],[3.3626639420755,50.503101853968],[3.3772679606506,50.490982594829],[3.4500788649046,50.507223095904],[3.4537383652366,50.519240260247],[3.4739635797806,50.533563546234],[3.5194053990883,50.522871548274],[3.4963266702785,50.498685062833],[3.5007741945714,50.487265476296],[3.5677678220335,50.50061221444],[3.5853427353378,50.490537930282],[3.6130169489409,50.492471225596],[3.6642184659463,50.453173761167],[3.6601071896526,50.444370502961],[3.66883484456,50.436451587812],[3.6723742999474,50.387652477303],[3.6572038688646,50.370783946684],[3.673675944671,50.334926016155],[3.7104309751894,50.303169731959],[3.715608900178,50.312633964487],[3.7317343457441,50.311904528305],[3.7362234073766,50.343257031302],[3.7474052053778,50.350928242159],[3.8048660226086,50.354985096558],[3.8136651517092,50.353164952183],[3.8116544107349,50.344878565124],[3.8436102962465,50.353510671489],[3.8722862224421,50.337941906562],[3.8884496083778,50.338223421367],[3.8860583645872,50.327061253932],[3.9678985736842,50.350369100061],[3.9673560187757,50.340574966945],[3.9868703622531,50.342458587128],[4.0273772077583,50.357488651634],[4.0376162509634,50.342906016703],[4.0781900466276,50.320551562698],[4.0791650721944,50.309661168836],[4.0971684837089,50.313208013214],[4.1199595939074,50.300055788038],[4.1240101191578,50.272764035215],[4.1366519411801,50.274295837487],[4.1362790115355,50.256814562298],[4.1636553703143,50.25728901293],[4.168471823828,50.266121912654],[4.1502581492681,50.274143515107],[4.1626744412235,50.288919839989],[4.1766755914931,50.284428214863],[4.1812834659039,50.274457878757],[4.2032487281264,50.274520097558],[4.220693486293,50.252205490042],[4.1719488669029,50.218984966036],[4.1508597676686,50.213418523181],[4.1601187752999,50.202535082465],[4.1493941237622,50.174782630132],[4.1550652714449,50.167130618338],[4.1269178734097,50.134919338367],[4.1998869422006,50.131081113334],[4.2014079092014,50.101540479066],[4.2311233037382,50.07126805554],[4.1910964802776,50.049491958302],[4.1607759593469,50.047521840602],[4.1363736079231,50.02046124405],[4.1456765100433,50.003909005549],[4.163125056888,49.99477679596],[4.1408937784816,49.978756019427],[4.1971143649951,49.967723922794],[4.1974262572549,49.95456985832],[4.3014826951044,49.966176318126],[4.4457967656502,49.937168631587],[4.4816075926688,49.947850133409],[4.5113189459207,49.946802141068],[4.5379600686649,49.966578753488],[4.5930582012037,49.985505370138],[4.6944244678655,49.996267061577],[4.6851735062023,50.008022811301],[4.6855679524785,50.027630172966],[4.6970260773073,50.059281358277],[4.6877932622328,50.057538418193],[4.6831845410969,50.064918750085],[4.6930262279408,50.084818698216],[4.702082951479,50.095527943315],[4.751341437035,50.111742875942],[4.7621611459353,50.136395161183],[4.8060299652994,50.152928502564],[4.8225821967951,50.168317417174],[4.8319939129987,50.153954420888],[4.8795586056388,50.152031455312],[4.8823453724974,50.14107993006],[4.8953583480933,50.139766840936],[4.8706357641482,50.124646439548],[4.8721344341726,50.087731586802],[4.8501272084717,50.100175974414],[4.8379348636099,50.067107469075],[4.8193112936247,50.065876763524],[4.8408180239435,50.045906327693],[4.8403927713466,50.037589003447],[4.8219880629777,50.027412758579],[4.8189414161727,49.99514048968],[4.7901082811856,49.970018583443],[4.7909101015257,49.958397607379],[4.8501867463093,49.946472183139],[4.8581281971305,49.93289732385],[4.8813667911683,49.921507940837],[4.8876674649878,49.90625840031],[4.8517209454791,49.856206959432],[4.8738789972466,49.820795895287],[4.8553769519334,49.792361619124],[4.9309281605517,49.786852475693],[4.9561280722759,49.801228329118],[4.9988354545104,49.799310967803],[5.0143389090926,49.779866152302],[5.063178302851,49.761924291203],[5.0901749386535,49.765060292171],[5.1150746404809,49.741436226312],[5.1230703404202,49.717305567328],[5.143638993168,49.709300418645],[5.1533130431568,49.718376209895],[5.1615689619341,49.714805281588],[5.1662014036773,49.692914558036],[5.2474131522102,49.686990389293],[5.2691845901837,49.696071670408],[5.3327639081107,49.652787613834],[5.3049182452694,49.630053072295],[5.3149873933442,49.611392527921],[5.3397669126158,49.616560947097],[5.3503363217496,49.630862526305],[5.4269132757795,49.597344909551],[5.4379714887151,49.569737286799],[5.4535526093259,49.564921488307],[5.442550098799,49.550266702047],[5.4650619164038,49.538862640494],[5.4663281735759,49.528430189479],[5.4471951539326,49.517877845741],[5.4709047865596,49.497208726991],[5.5314570906216,49.512519558193],[5.556050367567,49.52925089646],[5.5934514158621,49.521909724278],[5.6109867350098,49.505927450176],[5.6213594702283,49.519543514982],[5.6159222684657,49.527126195574],[5.6368006429332,49.545044778804],[5.659773917278,49.552868947481],[5.7012603687509,49.539519718091],[5.7325199993123,49.544461313993],[5.7388640222945,49.539320264271],[5.7571495517032,49.542561414168],[5.7561520187018,49.557012366016],[5.7702731126582,49.563099611588],[5.8053958401623,49.549904595002],[5.8172016616101,49.536996268665],[5.8369587698802,49.542475474291],[5.845880698823,49.529954308627],[5.8344148247219,49.52630284488],[5.8360385528244,49.519953607464],[5.869086517445,49.498778421143],[5.9399396363651,49.500973515404],[5.971776634974,49.491320067133],[5.9719898548951,49.472772002285],[5.9786602517285,49.461213469236],[5.9876579090328,49.462416479402],[5.9820475335511,49.451067325398],[6.0276447821787,49.455537293057],[6.0278782998684,49.448439296043],[6.0421550958319,49.447803412037],[6.0556220526452,49.465361612667],[6.100815774202,49.452882062635],[6.1020780284711,49.470224838021],[6.123492261297,49.473753515732],[6.1276565854344,49.492885551721],[6.1446131128644,49.487737943071],[6.1554201700353,49.493457287726],[6.1568855820521,49.504390732514],[6.2564100413301,49.510019040716],[6.2790979434498,49.503352708062],[6.2876645271191,49.486083577215],[6.2992324773713,49.48821310865],[6.296575175601,49.480106832386],[6.3124934980479,49.480320202438],[6.3337776530668,49.466890384913],[6.368852829099,49.459821218662],[6.3666661689717,49.466918673264],[6.4032011732071,49.465952182999],[6.4301197078959,49.476400021233],[6.5522345196475,49.423348210636],[6.5543620111982,49.418383989553],[6.5387980688369,49.412379406349],[6.5405242817617,49.401146060427],[6.5870798611261,49.384936563478],[6.5838802640069,49.368622950588],[6.6018563427332,49.366781011608],[6.5901277643478,49.354745146744],[6.5696305662155,49.357700169572],[6.5658428249466,49.347352742548],[6.5955861357867,49.330270386186],[6.5888794343794,49.322096035646],[6.6175388153446,49.302170593505],[6.6532277371416,49.281116548287],[6.6691862190043,49.28060241979],[6.6615299998202,49.25733162565],[6.6905439593201,49.247633562325],[6.6850959557718,49.243739619385],[6.6948030976287,49.215906501206],[6.7196514167899,49.221375153791],[6.7314966006431,49.20608920408],[6.7113631909174,49.188538133309],[6.7385082593927,49.163661266785],[6.7845561626242,49.168086631556],[6.8344667878866,49.151379860705],[6.843843431225,49.155518244345],[6.8472694874904,49.173487755725],[6.8609394112851,49.178624406224],[6.8521803808921,49.198655232881],[6.8353839856274,49.211325473776],[6.8574425399538,49.22227794129],[6.8942927510529,49.21019192444],[6.9354186816977,49.222156163157],[6.9592812915983,49.203004868528],[6.9746332903262,49.209818267623],[7.0107084883023,49.18812033997],[7.0343248906795,49.189680638467],[7.0276496496344,49.170085953929],[7.046140831118,49.138567199151],[7.0452133127876,49.119411835185],[7.0568862018258,49.112398584097],[7.0900182713725,49.132259822351],[7.080281154448,49.148775932362],[7.1055789765574,49.155385547923],[7.1132659041816,49.151694619011],[7.1042393843199,49.138686781563],[7.1264458967451,49.141725132417],[7.1316903284671,49.132179970136],[7.1588002935748,49.120773344856],[7.183939320312,49.130726755298],[7.1983356927173,49.115175200034],[7.2066365546017,49.123479912557],[7.2491066166321,49.127388393874],[7.2808871054318,49.124111468981],[7.2934060772248,49.115161283837],[7.3298410268211,49.14494179986],[7.3627730440975,49.145175022906],[7.36507550268,49.171836295674],[7.4450649197879,49.184305403345],[7.44067166015,49.170483311686],[7.4567923497972,49.164131221385],[7.4911929165521,49.169804496794],[7.4954431400151,49.156591826787],[7.5061698187802,49.154030900401],[7.4895776670963,49.136530120185],[7.5154385998767,49.121168712175],[7.5390064229804,49.092067833166],[7.570389598272,49.079863764095],[7.5999843985962,49.083327857216],[7.6311909357346,49.06938180187],[7.6352815933424,49.054164206261],[7.6744885818061,49.045042026719],[7.6970773535858,49.049748996355],[7.6961076633866,49.057818022041],[7.7318813351398,49.055108474847],[7.7322236434991,49.044355921307],[7.7564971746319,49.04559846504],[7.8004419678935,49.064114797244],[7.8674113682428,49.033485836738],[7.8916182565803,49.047594615956],[7.9166981594872,49.04096573662],[7.9346229019277,49.057811113571],[7.9748521290202,49.027746491985],[8.0480839535656,49.014172777638],[8.0913803067987,48.989259837789],[8.1414937386022,48.978017561341],[8.1944015411941,48.97743000256],[8.1990893418219,48.967223546641],[8.2268223344758,48.974092891976],[8.2303986615424,48.965607843829],[8.1958012960897,48.95621138585],[8.141561006918,48.896065480725],[8.1006457665839,48.815256735418],[8.0870168964682,48.802011517431],[8.0589448227056,48.788812962432],[8.0291352605611,48.786478892711],[8.022824712781,48.768352845058],[8.009749261306,48.75948955626],[7.9692879329719,48.754513384076],[7.9631443712693,48.721355620767],[7.8962512869019,48.667208360056],[7.8424871420346,48.643948187398],[7.8002369638938,48.578683608778],[7.8052011366022,48.513573048614],[7.7707638310804,48.492022101353],[7.7618878776799,48.448985237501],[7.7335522009636,48.398684900866],[7.7308435088055,48.383579452178],[7.7452934119735,48.329972185273],[7.7332390210278,48.317791507494],[7.6960088664325,48.304010337634],[7.6678077852565,48.223906110814],[7.6011481776184,48.158377720127],[7.5970709855475,48.13314660244],[7.5773157720816,48.120371112534],[7.5684900054594,48.03538248569],[7.6085841763982,48.000326129187],[7.6220859200517,47.972272417851],[7.5826348451925,47.929886709021],[7.5825080894133,47.898257059051],[7.5567072919531,47.879941001941],[7.5614656894138,47.838677705698],[7.530104166316,47.772931260055],[7.5476623177689,47.729918417634],[7.5125727857792,47.694845299819],[7.5246671129184,47.660190407792],[7.5671324333383,47.6320496505],[7.5736049822678,47.616665207802],[7.5910233108318,47.60474480576],[7.5847073872051,47.577266068409],[7.5664182305498,47.577551201666],[7.5571945026924,47.565031495571],[7.5045051563612,47.542963887373],[7.5013916497461,47.528725219131],[7.5192608270666,47.534552788408],[7.5314262789643,47.528284428742],[7.5176130559684,47.516958411504],[7.5034809417363,47.514615293976],[7.4978020902162,47.521222753454],[7.5105092147616,47.504115173213],[7.48685795056,47.481732320167],[7.4709073051131,47.480413251158],[7.4347599267065,47.497963819517],[7.4212233360314,47.480171365663],[7.4556328646187,47.472976694654],[7.403410043504,47.435524491145],[7.3809450743678,47.43186353224],[7.3017355889987,47.437813631568],[7.2462981009916,47.422198455938],[7.2358953940145,47.436879191525],[7.1811906725339,47.441480675914],[7.1730742135766,47.447181789836],[7.1792412182665,47.469724384789],[7.2023152076307,47.491692569483],[7.1966955177699,47.493482758971],[7.1675377459529,47.48940851862],[7.1303408019013,47.503028568514],[7.0792767593811,47.488864894845],[7.0200171649398,47.504341124068],[6.9829013064589,47.494256634533],[6.9917666987937,47.466419458718],[7.0002998100994,47.462967214339],[6.9989680532301,47.452297949929],[6.9405416785725,47.433371743667],[6.9383781843469,47.40602166291],[6.9172942512226,47.405461603514],[6.9095295123343,47.396172841493],[6.9136649056478,47.389476589955],[6.8853957543304,47.374599512338],[6.8797944628475,47.352429022831],[6.965171933991,47.359200577804],[7.0161749063041,47.371834506375],[7.0497154850674,47.360716488473],[7.0622006908671,47.344160388368],[7.0567509457312,47.334567036162],[7.046205749818,47.326977520793],[7.0097278540447,47.324358772262],[7.0161408458867,47.313601433148],[6.9931211498575,47.295543502651],[6.9446419930537,47.288858656397],[6.9551279801372,47.243159200163],[6.842629723754,47.172148165798],[6.8583444229594,47.164385451371],[6.8507882298254,47.157637251026],[6.8065486361803,47.130890441394],[6.7441312973693,47.109602542756],[6.741092234341,47.091067967613],[6.7072576746821,47.083033793266],[6.6916197499771,47.06668927851],[6.7140545270618,47.049123354928],[6.6996564781858,47.039039389615],[6.6616206647392,47.028224476267],[6.6403417206763,47.002761124116],[6.6186789138725,46.992038806738],[6.5961352009238,46.992516876582],[6.5052194745754,46.965849252067],[6.4966857222781,46.974183469608],[6.4326749210724,46.928605526908],[6.4645775075825,46.890210535442],[6.4598785157573,46.851147058563],[6.4309949536501,46.812320058323],[6.4586515580207,46.788759687976],[6.4381050836181,46.76175121989],[6.3950745702138,46.748243117811],[6.389642803755,46.735238377227],[6.3716294362082,46.7247505128],[6.2704880921381,46.683194022336],[6.1107441527986,46.576314209592],[6.1564422357855,46.545471592105],[6.1446024516564,46.528393629454],[6.1378590985632,46.530871419262],[6.1126938080715,46.509641497594],[6.0968277794178,46.481208813072],[6.0739298928675,46.463949535302],[6.0862444868726,46.443142520768],[6.064005627331,46.416222559892],[6.0981978560935,46.40879028923],[6.1697363568789,46.367935207296],[6.1390806928978,46.339163368564],[6.1190932585101,46.307708787058],[6.1193736282587,46.294908886937],[6.1023687304967,46.284846924053],[6.1242461802512,46.251015651206],[6.1017586374755,46.237488846141],[6.0881373253409,46.247037910194],[6.0634398141038,46.245647436254],[6.0484978587535,46.233077661251],[6.0331263207186,46.23799437917],[5.9744148067325,46.214745117903],[5.9636784095618,46.196964390659],[5.9952918547587,46.18299442988],[5.9572900537826,46.127942969357],[5.985316810497,46.143308955951],[6.0478113661078,46.140933992184],[6.0520405063454,46.151402707103],[6.0924619318286,46.151762719587],[6.0992749757816,46.144011566226],[6.1354159186096,46.141325936329],[6.1753043905242,46.158259669629],[6.1882037288084,46.168463284904],[6.1861036685684,46.17821842222],[6.2320741324515,46.205470235677],[6.2944654466146,46.224924516639],[6.3101113416345,46.243699660222],[6.3085335851387,46.255015954401],[6.2947976165379,46.256307746712],[6.294880501785,46.26459246093],[6.2676297299719,46.247839951429],[6.2377992707926,46.27733692078],[6.2510763599071,46.287643543433],[6.2479330373852,46.306039208714],[6.2799144692268,46.351093458251],[6.3159587902468,46.368802088594],[6.3446806034485,46.370015245292],[6.3625864518555,46.347769324098],[6.3900333913921,46.340163012448],[6.4115883259384,46.358394900258],[6.4690640820175,46.372614566115],[6.4803914973041,46.379314208071],[6.4828511368319,46.391927295245],[6.513070179546,46.404784844849],[6.5451764296884,46.394724620294],[6.7228648390107,46.407550427288],[6.8048287544258,46.393585002703],[6.8062164014005,46.380373005422],[6.7725993243998,46.361732287023],[6.7746736069107,46.347278384591],[6.7981214712964,46.330137581736],[6.7999297623371,46.320468909994],[6.8645108313675,46.282986228855],[6.8538982253794,46.253760812247],[6.8035635132129,46.20313054152],[6.811228200568,46.185029674216],[6.7904257597029,46.154311187999],[6.7985330883924,46.136103390553],[6.8983839799267,46.122561981532],[6.8838438298784,46.095796864191],[6.8900687536716,46.076513214339],[6.8726328572469,46.052044575345],[6.8883272243818,46.043120600357],[6.9245114290077,46.065194793319],[6.93736936958,46.06456312426],[6.9357975763722,46.0551192491],[6.9515100788266,46.049953446394],[6.9846771340211,46.006542009406],[7.0036316590852,46.000553586437],[7.0182519988272,45.984185305283],[7.00940894593,45.9697604902],[7.037615499193,45.95430091758],[7.0438913499404,45.922087093613],[7.0218109199059,45.916452271309],[7.0031479175286,45.89782755209],[7.0033187238325,45.882408678251],[6.9917249963735,45.868198790757],[6.9510356268261,45.859535060133],[6.93960886416,45.846732871084],[6.895098526216,45.842600014196],[6.8821969778683,45.849520488181],[6.873610959862,45.845496843566],[6.8701799161146,45.828152829162],[6.8379652390991,45.839496400234],[6.8180784499339,45.834974269868],[6.8039854950068,45.815846165391],[6.8127223620905,45.80801890935],[6.8025153780901,45.778372017386],[6.8056204903279,45.748466106619],[6.8163461892763,45.739522550345],[6.8111853327597,45.73065029663],[6.8461141632727,45.690569303857],[6.8685964773289,45.680965439806],[6.902535284798,45.680938868689],[6.9021374596942,45.663743226821],[6.916286202296,45.660011360485],[6.9148275307172,45.651735038028],[6.9346140944773,45.647093928516],[6.9666799933754,45.654063379324],[7.0006916861839,45.639899750138],[6.9860084427011,45.62249039449],[6.9778473846393,45.589884647121],[6.9953839096018,45.575637066048],[6.9915104141831,45.531278684704],[7.0053128723343,45.517093995059],[6.9999790813339,45.504790418301],[7.0520544291456,45.496249516678],[7.0563572963814,45.489623728606],[7.0462378242305,45.47914600362],[7.0542268132495,45.472184344708],[7.0997838903912,45.469437750641],[7.1135165884052,45.434196485823],[7.1856327940721,45.404044824605],[7.1631811300703,45.381359810968],[7.1616596669718,45.362453596128],[7.1377390432018,45.350806280555],[7.1347132782574,45.331243465627],[7.1106925788126,45.326508796443],[7.1229875004603,45.294328291286],[7.136423190274,45.28079819697],[7.1375927179634,45.255692980709],[7.1255846631745,45.244603122115],[7.110603877569,45.246346626842],[7.0796007060118,45.21424401107],[7.0673372003279,45.210085201319],[7.0427614515596,45.225313603097],[6.9687620809781,45.208057678984],[6.9430641979885,45.17091084008],[6.8916010947342,45.167033325671],[6.8858238474503,45.154195417179],[6.8975633895087,45.143009081491],[6.894376782376,45.137373356732],[6.8498552798828,45.127164544748],[6.8122710919045,45.148356968553],[6.7679412928181,45.159739939943],[6.7392628844294,45.136771576844],[6.7112901275207,45.144761599266],[6.6800685047784,45.140123130573],[6.6657100684593,45.122605577556],[6.6328153652662,45.112278640139],[6.6274839517535,45.101215174371],[6.6454471568466,45.085321118769],[6.6452449110874,45.075644489098],[6.6621102280893,45.071636240322],[6.6697329651003,45.041528589974],[6.6642057859606,45.033852692689],[6.6738842245217,45.019618440205],[6.7208749671212,45.021947970161],[6.7455184581155,45.012636232743],[6.7511816747145,44.997554388257],[6.7378517656893,44.989229168351],[6.7634620292171,44.971216274205],[6.7649436361829,44.959669769983],[6.7530762964187,44.942964787789],[6.760454851589,44.933557259798],[6.7509575667282,44.924736641884],[6.7510118585422,44.905506802267],[6.7707561827724,44.903356119918],[6.8040834784844,44.877494910069],[6.8598658043828,44.852903429339],[6.9137650533034,44.845420317518],[6.9336859786803,44.862026116862],[7.0067725151035,44.839316013319],[7.0093160771169,44.826729413865],[7.0217860677102,44.821493498314],[6.9994003663108,44.789676249686],[7.0202863676786,44.77335714205],[7.0237266250912,44.741017074034],[7.032722682298,44.727849112916],[7.0657832187637,44.71360393024],[7.0771048243018,44.680914951343],[7.0237344527351,44.691300223227],[6.9870611832936,44.690137664959],[6.9631797346927,44.67810482291],[6.9483326980915,44.654818187455],[6.9668199032047,44.625347388492],[6.9507674204422,44.619841837282],[6.9383975462678,44.603747763937],[6.9335092809034,44.5759534554],[6.9132069817362,44.558829270084],[6.8810641551935,44.553208962085],[6.854014437248,44.52912511427],[6.8596762484031,44.502789484274],[6.8819639305182,44.477256328072],[6.9063376727978,44.466843845236],[6.9110962932443,44.452367703384],[6.9445579172439,44.432057527562],[6.8928683040571,44.420779824329],[6.8965054422432,44.374301434879],[6.8874351607458,44.361051257141],[6.922408948521,44.348259672782],[6.9264745551235,44.334748792521],[6.9606383114524,44.308313554754],[6.956527244135,44.298637866463],[6.9934466941361,44.280889629925],[6.9971354940846,44.251969663265],[7.008058899486,44.236434519326],[7.0423543174862,44.225341715295],[7.071038657434,44.232947084937],[7.1410513675592,44.200999432021],[7.1597408386494,44.20620668921],[7.1889131681001,44.197800735913],[7.2188636397203,44.168943578203],[7.2433604024762,44.16824934948],[7.2627871994961,44.148031915773],[7.3441996623578,44.145160179669],[7.3560379859181,44.120862631994],[7.3678650497535,44.116393672544],[7.3858853751395,44.12366910805],[7.4269527801501,44.112874801646],[7.4353553212408,44.12936252164],[7.457603190617,44.126386684548],[7.5057396587933,44.143648852302],[7.520182785703,44.137674317137],[7.5730685064726,44.152945056661],[7.6145604124219,44.149672411542],[7.6366204125639,44.177106922757],[7.6845890381135,44.174017398395],[7.6717805734092,44.15838677183],[7.6779976927602,44.147471209651],[7.6665952665469,44.130757105938],[7.7169378581589,44.081762896271],[7.7140726367423,44.065430655301],[7.7000270318339,44.040791675149],[7.6620002035646,44.027376831924],[7.6702052888494,43.998468338078],[7.6485982666394,43.974109522666],[7.5718432477468,43.947152449387],[7.5592240305265,43.89729711992],[7.5013634378758,43.87501182678],[7.4966431200204,43.850865750443],[7.5073719223254,43.841680148497],[7.5285185561398,43.790517639429],[7.5247262568589,43.784879584787],[7.4882729558663,43.765026152467],[7.4820923354949,43.756878823226],[7.4868344846647,43.748997032679],[7.4597361031449,43.7600397197],[7.4125949676711,43.734658476524],[7.4156350290343,43.725913755066],[7.4064566044271,43.71962940636],[7.3585182511974,43.721877364751],[7.3361061972735,43.710332184327],[7.3296137110006,43.701909777531],[7.3353474080935,43.67821377735],[7.3263641460951,43.674107370674],[7.3202887345678,43.69132875931],[7.3264703730457,43.696150216638],[7.3147161986497,43.70653561017],[7.304019920053,43.684826100091],[7.2851740716363,43.694320779226],[7.2418855125179,43.688481372627],[7.2064521654727,43.645639308042],[7.1945395872153,43.657918311572],[7.1578470842521,43.65385107423],[7.1371975190968,43.634490533121],[7.1264731964483,43.605277906363],[7.1255471645856,43.575784139356],[7.1392394995248,43.564445498702],[7.1347862801153,43.555745223246],[7.1441717937997,43.552949923404],[7.1385034267534,43.545620722537],[7.1191937177542,43.544452103717],[7.1145834190314,43.565833873571],[7.1012671442927,43.5706815908],[7.0675647780773,43.561637194767],[7.0404439376582,43.541582782416],[7.0148286615711,43.550852905577],[6.9633341048456,43.54215150977],[6.9383636746132,43.516390841291],[6.9383938694233,43.508638111929],[6.9547512806261,43.504724793903],[6.9488401316243,43.485496928717],[6.9326931753823,43.484349210212],[6.9179721528571,43.447738536354],[6.9051351716853,43.445353094761],[6.8918037687118,43.428580015191],[6.8569996758254,43.430477732013],[6.8550478015615,43.411429429877],[6.8267609493565,43.417371848056],[6.7896945798181,43.408266782123],[6.7636735739885,43.424523120617],[6.750657595625,43.420845307432],[6.7145300086095,43.368074981029],[6.7165464557638,43.347490862069],[6.6719225263813,43.335833931847],[6.6659564383834,43.31821983472],[6.5838742224265,43.277308105612],[6.585990659385,43.264473629553],[6.5934629712796,43.262265776308],[6.6457979042857,43.273835088392],[6.662121282463,43.264909792407],[6.6773068762378,43.278794827575],[6.6972545497172,43.265497283834],[6.6635799631008,43.238043384914],[6.6626657632275,43.217572199696],[6.6801044438143,43.200536011994],[6.6420225769795,43.183734132211],[6.6465904802763,43.167801382342],[6.6355350265918,43.172509449193],[6.612901777714,43.165892299234],[6.6004702842875,43.182582281991],[6.5596377554811,43.188632638495],[6.541396288166,43.182330817397],[6.5363193464327,43.165106616411],[6.4934958461812,43.150223730387],[6.4641477513921,43.157528246642],[6.44429973474,43.145456324914],[6.4290707640808,43.151423030929],[6.3875680181733,43.144900254259],[6.3687216170301,43.136975338721],[6.3597633175514,43.119904355977],[6.3682566796679,43.089914872597],[6.3325137465072,43.091093655786],[6.3166670705359,43.106166407372],[6.2882203945084,43.108702218392],[6.2718142424638,43.120990912933],[6.2343366461075,43.113014447828],[6.2007847463615,43.115790863382],[6.1598371974529,43.088451636416],[6.1499595681806,43.045856056649],[6.1590041512037,43.029236191508],[6.147899852463,43.026960466647],[6.1339953631425,43.036214235727],[6.1025906616279,43.028782647513],[6.0918311311331,43.036774442924],[6.1281920087398,43.042671102624],[6.1323295631249,43.059513879555],[6.124051799264,43.07930650726],[6.0812978668083,43.087226281584],[6.0215343544984,43.078256714006],[6.0168236605891,43.083635285965],[6.0234652560844,43.094811520978],[6.0050157080904,43.103799383815],[5.9257873894364,43.103970758155],[5.9343359139287,43.118604366719],[5.9206331025818,43.123910786043],[5.8992103142903,43.113013793483],[5.885617839555,43.117142670129],[5.8868360567952,43.103450269366],[5.909107117861,43.10046149114],[5.8947710571836,43.081712418128],[5.9376580436388,43.08457851954],[5.9511022677451,43.072030744739],[5.9112894628203,43.06578413673],[5.8984664585895,43.07758725099],[5.8871334844754,43.077225735618],[5.8574553138035,43.046618874503],[5.8276382705234,43.05034932291],[5.8167124624351,43.062314625126],[5.7941055326647,43.068774233408],[5.8105134830279,43.092326111559],[5.8072607781038,43.115713573303],[5.7744948217719,43.116904330683],[5.7806944360543,43.129636959482],[5.7703387289197,43.139007184657],[5.7522954712541,43.13316137548],[5.7259110912444,43.136525601181],[5.7190149570316,43.147273734952],[5.6948752166924,43.143589707468],[5.682675442198,43.160132349422],[5.69476068803,43.168021818342],[5.6845946967002,43.180061736494],[5.6241633170728,43.186982113235],[5.6098389569561,43.17368424192],[5.6146454833389,43.169198477141],[5.6008948125683,43.162545513212],[5.5714983888382,43.173555880459],[5.5479598370767,43.196023901121],[5.5499085142965,43.207367827769],[5.5369302937792,43.214490076169],[5.5002885068597,43.196790895695],[5.468036914708,43.20872417933],[5.4256485097191,43.203784469675],[5.4033807899197,43.21282384953],[5.3636491661807,43.207122106689],[5.3456097729721,43.212497555779],[5.3483543737945,43.2298241001],[5.3725248187308,43.245077650705],[5.3760469740713,43.255156912202],[5.3456836221411,43.282366222064],[5.3563493999813,43.29335572862],[5.373616535568,43.294994681755],[5.3589666803228,43.298002745233],[5.3620502253915,43.321960251309],[5.3375478728678,43.339514123982],[5.341020887781,43.344783149914],[5.3110302222328,43.360879997437],[5.2213339498192,43.328358899356],[5.0884620486971,43.332530183718],[5.0539150268677,43.324272099372],[5.0190482280859,43.342937227035],[5.0242965902058,43.355559161915],[4.9876375735659,43.391776901932],[5.0010677938316,43.398215886274],[4.9776421775338,43.407406133291],[4.9677103819671,43.426100332678],[4.931376951317,43.433157232314],[4.8865877345916,43.412880564295],[4.8609489633192,43.449611068008],[4.8502519389784,43.450795850324],[4.8773029521565,43.410513204152],[4.8668499113366,43.404678136755],[4.8291209117113,43.428264665696],[4.8244333765645,43.424394088096],[4.8614681256348,43.40076989363],[4.8358563366124,43.398039616459],[4.8551101946662,43.387877558547],[4.8494840577119,43.380013571741],[4.8737024584045,43.360848282232],[4.9022342998273,43.370982432633],[4.8550448910375,43.332618516509],[4.8330340586153,43.32986959949],[4.7595949251318,43.349936079368],[4.6617842756445,43.346410527778],[4.5858024446726,43.360071509782],[4.5627978195916,43.372134942713],[4.5556106083519,43.38282276464],[4.5627131374003,43.392243971332],[4.5950211395854,43.406413739136],[4.5820384812292,43.430562998276],[4.5549165862997,43.446213275115],[4.4923577568751,43.456533897497],[4.4045865202341,43.448120304403],[4.1938625454583,43.465779027827],[4.1482241863514,43.477234029603],[4.1231397009828,43.494201235057],[4.1165892511326,43.508710525509],[4.1391197547669,43.531898260949],[4.12162781658,43.547075001142],[4.0663488317709,43.557386111903],[3.9994165131615,43.549625867541],[3.8864007764545,43.50687119465],[3.7966687778375,43.441038572476],[3.724920103348,43.41579312533],[3.7230347632352,43.401095090434],[3.6460792124476,43.384774104561],[3.5666838229889,43.326160030768],[3.5109592064433,43.273328841308],[3.4683351175459,43.276598485695],[3.4289660381595,43.290214964615],[3.3435489429582,43.270307050888],[3.2405623482295,43.212804132866],[3.1487381438672,43.139329315312],[3.0850397647605,43.056940380824],[3.0428444157674,42.960156485478],[3.0404673397314,42.929700731159],[3.0605893002724,42.91706260281],[3.0393825874565,42.799198332564],[3.0348448670056,42.660160793544],[3.0520750636273,42.54386148934],[3.1335799243959,42.512937683655],[3.125266856012,42.502379897222],[3.1355964774685,42.498603461746],[3.1301915393708,42.485333147407],[3.1530079401401,42.477772687552],[3.1732186031539,42.434878294177],[3.120825871381,42.438007609376],[3.0854409735932,42.425513473771],[3.049039409754,42.455546175261],[3.0404545563086,42.474389700903],[2.9689921527615,42.465793999445],[2.9470888466503,42.481796629795],[2.9184473584127,42.456080878725],[2.8727897478221,42.467059299379],[2.859676897177,42.454572528495],[2.8444544544249,42.458013026886],[2.7992434851571,42.41857137482],[2.7769704769536,42.411950189136],[2.7518655954672,42.425365840688],[2.7166720712852,42.42122422902],[2.6739475962355,42.404705188227],[2.6714146160115,42.387529592347],[2.6518664743886,42.384976836928],[2.6727185269299,42.359466239204],[2.6717703199325,42.341177323897],[2.5618691165802,42.357114669057],[2.5400380013544,42.333755393653],[2.5003055444058,42.342908435218],[2.4829568103055,42.33964742313],[2.4675348479811,42.358923606052],[2.4334669708382,42.377094638841],[2.4354845211197,42.388880175068],[2.4288205957426,42.394335723771],[2.3688351288602,42.401165613258],[2.3187397121502,42.425013544848],[2.2923849967665,42.422976621044],[2.2570765004899,42.438487801441],[2.2010574502093,42.41629050573],[2.1569442389743,42.423379177246],[2.1331644140841,42.414340482391],[2.114896793444,42.394507212494],[2.1167685660168,42.383217532845],[2.0895512800803,42.373712864892],[2.0835932961683,42.362697401901],[2.0234953451252,42.355223026123],[2.0169227090321,42.348686254163],[1.971695415142,42.373783371899],[1.9558602817575,42.412475519734],[1.958280972603,42.423957866082],[1.9417250599361,42.429661230654],[1.9428973881372,42.44442551744],[1.9338473606186,42.454160146231],[1.9166392735781,42.446308629241],[1.8854483131238,42.449295307775],[1.8814265985157,42.459710961468],[1.8585449890657,42.462680550073],[1.8346241667293,42.481783546447],[1.7298892803686,42.495327493594],[1.7256472450279,42.515034379784],[1.7411151935539,42.557100349798],[1.7861298758203,42.573623487381],[1.7809401403226,42.582603070692],[1.7259218933308,42.59036432389],[1.7365633338245,42.617832429841],[1.6014688979593,42.628040210076],[1.5842076238912,42.634095648993],[1.5748906795114,42.648029030085],[1.5492508690021,42.655772723263],[1.5189050579628,42.645476248608],[1.5014171161218,42.645160693912],[1.4937449489606,42.653208850036],[1.4801092686891,42.651393752761],[1.4683365082247,42.630822512454],[1.4772664705807,42.614964046337],[1.4694604333944,42.606890205337],[1.4401541878412,42.60350366823],[1.4200859104601,42.627197957489],[1.4135896331553,42.651807228313],[1.3877372500693,42.670986654888],[1.3895995518927,42.685085573888],[1.3544057158196,42.699495465984],[1.3573807731294,42.719416680343],[1.3250225479117,42.723901216656],[1.2775594332565,42.714750302311],[1.2292977685259,42.727717565204],[1.1727736952394,42.708100928642],[1.1333056678708,42.72901199858],[1.1287030119638,42.754620922223],[1.0787138036714,42.788364913836],[1.0543403754335,42.782370278653],[1.0055793118079,42.790800484118],[0.98310308426902,42.787068077252],[0.95976879024384,42.805642400755],[0.92732709328685,42.789255631926],[0.85830081521383,42.825718092689],[0.80148779146423,42.840484414153],[0.76764000650777,42.838976644913],[0.70837530047161,42.861402691964],[0.67789011318093,42.855102188971],[0.67858428353724,42.847952666471],[0.66405436266901,42.842065955495],[0.65911359092204,42.835196765207],[0.67058700231219,42.804759629474],[0.64453806422139,42.783076412205],[0.66423575825517,42.77167292571],[0.64185306949254,42.754817040172],[0.6599389520435,42.752435876543],[0.67901232540769,42.722784338644],[0.67386650187529,42.716586587301],[0.68225754178415,42.708965425559],[0.67057744875758,42.68989270234],[0.59671896531374,42.705554327291],[0.58683088027779,42.694999039016],[0.52961132008787,42.702685201417],[0.51254065154989,42.692054778891],[0.47775091439859,42.699986776967],[0.42927703134928,42.690747961457],[0.40299065005461,42.696059426702],[0.39262638361543,42.713119210116],[0.360096509627,42.724297593405],[0.32622532527099,42.70523860909],[0.32346895203404,42.687137830773],[0.29282363337494,42.674921018438],[0.2708685107087,42.690720979232],[0.25988644276717,42.715814801568],[0.22667904852621,42.71735448054],[0.17572555256904,42.736480431547],[0.11125293791766,42.710207845076],[0.09041936171393,42.717129184641],[0.059212546233425,42.698966385505],[0.016464909509703,42.701787746946],[0.0023539316821015,42.686187697005],[-0.010639973713379,42.684384118141],[-0.059811467964507,42.693423542148],[-0.068842258409049,42.717900891138],[-0.10611325502758,42.720827214056],[-0.11080028926285,42.734997384695],[-0.14599661532545,42.768469484558],[-0.15972393675618,42.797400992971],[-0.17849266806523,42.785358654901],[-0.21390456164229,42.79603817418],[-0.23844648846147,42.808173013415],[-0.24336198692263,42.823142763211],[-0.25801362447912,42.821008365204],[-0.3134440845287,42.84937502201],[-0.32341849261751,42.835493251193],[-0.34754374621365,42.835913719016],[-0.39259734345566,42.799559432268],[-0.40923041576119,42.807751018183],[-0.4397463890216,42.796464192609],[-0.4985101990485,42.820793451781],[-0.50129980018362,42.827883289281],[-0.52482251446902,42.81169739145],[-0.52973082529989,42.791532352653],[-0.54380966630498,42.793156705649],[-0.55120490858256,42.777515930774],[-0.56774546142644,42.780869063871],[-0.56886605101147,42.806822105003],[-0.60076025043393,42.806307889858],[-0.603635315569,42.832617711388],[-0.66146517128628,42.863780807704],[-0.67603386909387,42.882121412448],[-0.69899318990985,42.879656093293],[-0.72975658553822,42.896558450267],[-0.73499495012597,42.912174326638],[-0.72506592676777,42.923031036303],[-0.73250802453043,42.928418305337],[-0.73372411596008,42.946219121517],[-0.75637833414362,42.96842723143],[-0.81001402324725,42.951435944964],[-0.86785079295099,42.951831318684],[-0.91428689185959,42.963568880303],[-0.92198470791062,42.955086159393],[-0.94645511377364,42.954058399843],[-0.99485387056941,42.974427913574],[-1.017553501514,42.994381215156],[-1.0702604908545,42.997696781882],[-1.1106631611518,43.020497969179],[-1.1425678944125,43.01020623111],[-1.1482628224762,43.026042549327],[-1.173536757713,43.037621069737],[-1.1807284627612,43.032529650113],[-1.2124135691097,43.051394026343],[-1.2286741862078,43.055161232809],[-1.2475107746325,43.042356242761],[-1.2642864994766,43.044562906927],[-1.2870369506636,43.063010309896],[-1.3085440571134,43.068678772612],[-1.2986655700641,43.0932795305],[-1.270184195429,43.11856931563],[-1.3322453593112,43.107775178802],[-1.3432982771448,43.095380034809],[-1.345424430823,43.049771385789],[-1.3547517961039,43.028468046718],[-1.4351873583595,43.045028123845],[-1.4717368566926,43.081096614267],[-1.4708680288881,43.091714158473],[-1.4139466293353,43.129178212008],[-1.4160249876204,43.149739804939],[-1.4075078465855,43.155344229099],[-1.4020191004086,43.177869670121],[-1.3838251967031,43.190817108926],[-1.3780657425747,43.229613623477],[-1.3827864939261,43.253297008751],[-1.41320553569,43.27341516617],[-1.4388526778219,43.266517244479],[-1.4962163703281,43.283459630748],[-1.5058510964559,43.293271978588],[-1.5292979700288,43.293411944094],[-1.5647157911934,43.28791347967],[-1.5581453439146,43.276923368272],[-1.5751249050756,43.249838487966],[-1.6089315872346,43.252129248888],[-1.6303661025897,43.284448371284],[-1.6238145722959,43.305851119398],[-1.6657592290595,43.314078692272],[-1.7031331583996,43.309207236385],[-1.729748923648,43.295678859867],[-1.741348809523,43.316753723039],[-1.7373522231501,43.329700042997],[-1.7852178441655,43.349814347598],[-1.7908870919282,43.373441337557],[-1.6897881751656,43.3953502634],[-1.6694053103923,43.388138435009],[-1.6577077165394,43.405452954463],[-1.6391136986966,43.408363439748],[-1.6094689574198,43.427521755432],[-1.5273009710877,43.523223729778],[-1.4468047220233,43.64560838482],[-1.4365047882215,43.710561485871],[-1.3066211766807,44.171603926833],[-1.253891222702,44.4676023661],[-1.2586139358279,44.547133110681],[-1.2121340085435,44.599510356389],[-1.2043507977066,44.638701115918],[-1.1915382411984,44.660725704553],[-1.1451668567782,44.657629640598],[-1.1392017978472,44.653666569948],[-1.1518913933375,44.648738005862],[-1.1491665812006,44.640019941887],[-1.1407629554469,44.647227205689],[-1.118912709535,44.646888940795],[-1.1187794399551,44.640231865678],[-1.0046790473438,44.648185633279],[-1.0233052011919,44.67502570927],[-1.0500276213214,44.682042500572],[-1.0636009390674,44.697360056894],[-1.0369146696773,44.6940760086],[-1.1172405050661,44.74399979558],[-1.1229359844961,44.751527458457],[-1.1163260471354,44.756407278429],[-1.1253669244585,44.751000559984],[-1.161932442024,44.774901767948],[-1.1752528743193,44.763998098529],[-1.1722002204463,44.75098728783],[-1.2043808938438,44.717662887525],[-1.2229595098338,44.709573193593],[-1.232623680779,44.693018645313],[-1.2446501329845,44.623096748037],[-1.2521476349475,44.617729855339],[-1.2620502403324,44.632198001377],[-1.162337441751,45.297868794558],[-1.1546170989864,45.480167705968],[-1.1364252810856,45.51099225066],[-1.1002940973715,45.541645700905],[-1.0912045614296,45.562411237009],[-0.98915191244273,45.581341317039],[-0.99448166466087,45.598471363385],[-1.0149548718972,45.602385291749],[-1.0100289301406,45.61200132356],[-1.0203205505127,45.62151668447],[-1.0488627706461,45.620296785838],[-1.2093162908787,45.696695600645],[-1.2303338364371,45.693221363131],[-1.2184406327324,45.673801676778],[-1.2300562617989,45.677064721309],[-1.2345793448818,45.693612722916],[-1.2425689958526,45.781575345749],[-1.2089657293798,45.795749040068],[-1.1919967968082,45.789370772875],[-1.1595510306588,45.801417483779],[-1.1391865208381,45.79903314044],[-1.132892019615,45.807422776222],[-1.1395339118469,45.822842278873],[-1.1680717875645,45.845145151766],[-1.153187170193,45.862358814767],[-1.1210426718188,45.856462545265],[-1.081212277475,45.898789509328],[-1.0737883386215,45.914234695342],[-1.076864753109,45.936699490286],[-1.0959775740275,45.942016808278],[-1.094399319351,45.948773629702],[-1.0645617941788,45.953117598269],[-1.0989532154989,45.990511008295],[-1.0630867195678,45.994435355467],[-1.0530740865438,46.003831859396],[-1.0611535121644,46.028848986934],[-1.0567431675806,46.035915721056],[-1.0670030997899,46.050149738322],[-1.0888412421854,46.053947103542],[-1.1007240096268,46.093795091913],[-1.1300954807717,46.101767963634],[-1.1237731124096,46.1133542718],[-1.1291048559784,46.126969268104],[-1.1729310087073,46.139283394105],[-1.1607229685204,46.1554895116],[-1.206939036394,46.145764027266],[-1.2420434969372,46.157446715501],[-1.2012482798444,46.190883450711],[-1.2065329820075,46.204362200351],[-1.1990017582044,46.213243547272],[-1.1113500334204,46.261156609753],[-1.1207134213387,46.296691182666],[-1.1294064331873,46.310272328818],[-1.1637767641821,46.324346157529],[-1.2020438844456,46.316088038089],[-1.1955066954319,46.300486336512],[-1.2063790183713,46.288844677353],[-1.2073980363312,46.266566974958],[-1.2965407216243,46.323862397014],[-1.3059782500842,46.319190709176],[-1.2950494049459,46.30445585614],[-1.298649918542,46.298035215363],[-1.2893860851087,46.294549359242],[-1.2968047567957,46.289853328369],[-1.3209769583137,46.325733328602],[-1.3551687806002,46.345836797866],[-1.4659374486589,46.342356465827],[-1.4878020252489,46.38139003894],[-1.5150666516907,46.40429394231],[-1.6270620551428,46.414220589438],[-1.7038680334017,46.448675063621],[-1.777137894573,46.492758626968],[-1.8123442739131,46.493416566185],[-1.8560152427178,46.608580735068],[-1.8906734495839,46.63469093819],[-1.9428758596327,46.692706115369],[-1.966128703921,46.692012127622],[-1.9784453425744,46.703097268015],[-1.9826649825899,46.720311181056],[-2.0002660579608,46.733925400032],[-2.0585512858201,46.77507544032],[-2.141985050913,46.818973328561],[-2.153823981621,46.890149400164],[-2.1098378173904,46.899480635246],[-2.118914403912,46.900749907026],[-2.1177998913797,46.908317123363],[-2.0803300223262,46.935989749685],[-2.071218379244,46.935168981466],[-2.0749858005734,46.940205156372],[-2.0447808242546,46.969115340219],[-2.0273622488649,47.00992054926],[-1.9804130066429,47.028904753758],[-2.0047214099724,47.061460656046],[-2.0326019810958,47.073513335424],[-2.0536861303794,47.094243963563],[-2.2478150673853,47.134022011309],[-2.226128166772,47.152275320793],[-2.1802049236481,47.15593411267],[-2.1670631605228,47.166180557901],[-2.158373708365,47.209050666096],[-2.1778607172174,47.236097279547],[-2.1705455113596,47.239751522169],[-2.1699895453995,47.268472297219],[-2.1873608303178,47.280622361747],[-2.2246437954795,47.264387061764],[-2.2278604253303,47.256330261162],[-2.2466914047133,47.255988431427],[-2.2698952747426,47.2395647121],[-2.2905337807566,47.236485877086],[-2.3396017707663,47.255188453422],[-2.369753264591,47.277438171535],[-2.4141574690586,47.278682172085],[-2.4253877232221,47.270964820355],[-2.4165529129684,47.25871256282],[-2.4390537244635,47.260171084056],[-2.5442517230455,47.290107777197],[-2.5449696912262,47.297963681667],[-2.5111764913007,47.300776876496],[-2.5029144731486,47.328754801261],[-2.5273550201167,47.363139113651],[-2.5589448655806,47.374566485616],[-2.4726723242774,47.416083446873],[-2.4330361363116,47.416778409153],[-2.450864597211,47.425323844427],[-2.4482478800515,47.441292494065],[-2.4584933200854,47.44812333026],[-2.4804252485529,47.441963079767],[-2.4905571762189,47.446452306175],[-2.4991358587812,47.457540137914],[-2.4895613282298,47.474318089711],[-2.5014022305882,47.490518823453],[-2.4812257438732,47.495301802155],[-2.4674495382969,47.482627274277],[-2.4473257291715,47.494633933431],[-2.4204515364367,47.495199946772],[-2.5177342670181,47.526379124102],[-2.5371281384206,47.525677358637],[-2.556172145179,47.512844753872],[-2.594864559507,47.517692920359],[-2.6219180968561,47.504642830448],[-2.6304578082227,47.506349684521],[-2.6115717799579,47.514953612529],[-2.6085188237858,47.527334092348],[-2.5796509523394,47.521494268546],[-2.5807334414268,47.533929782037],[-2.5652979754047,47.534568614558],[-2.5814258050421,47.535658066615],[-2.559927969571,47.551149229397],[-2.5819520010924,47.561743556943],[-2.5830102351203,47.544093495058],[-2.6043518130413,47.531033499908],[-2.6197613863302,47.553120080253],[-2.6293614142026,47.549477103692],[-2.620896300155,47.543139537592],[-2.6260111378038,47.530694282534],[-2.6692361455267,47.543886460827],[-2.6490453148391,47.52871403441],[-2.6323971230563,47.529969402681],[-2.6398757445327,47.516039806212],[-2.6631239677118,47.519229857754],[-2.6812726425683,47.495823503923],[-2.7246386199858,47.506420074475],[-2.8046466446151,47.488475662933],[-2.8494633183276,47.498714210554],[-2.8473220606719,47.511542665428],[-2.869393988256,47.530429204565],[-2.9127507683233,47.542221258931],[-2.9026879980833,47.559668566183],[-2.8785251291933,47.563822706213],[-2.875192617398,47.554282188137],[-2.8584601857729,47.550660977545],[-2.8615032029018,47.53957249509],[-2.8496328096875,47.539338350637],[-2.8485917555663,47.547767840627],[-2.8209970086207,47.542598073556],[-2.8053232688367,47.55465217436],[-2.8070620139328,47.541324640889],[-2.7871430310883,47.552527315428],[-2.7763664183452,47.54637816599],[-2.7800781208128,47.539995170204],[-2.7656825016343,47.536349797594],[-2.7305342531378,47.542486209183],[-2.7271201608591,47.565348713813],[-2.7019511829809,47.589922636913],[-2.6898225474078,47.589863044007],[-2.6858183369351,47.617254810447],[-2.7104787296389,47.648811448391],[-2.7157627565643,47.632178418633],[-2.6956189709006,47.610971810996],[-2.7020839762821,47.606771537859],[-2.7113619865066,47.61745375166],[-2.7134014552926,47.594743232814],[-2.7210591260306,47.603107177713],[-2.7785759216065,47.619153949607],[-2.77515576774,47.625162720347],[-2.7399331546054,47.617920455172],[-2.7434980614409,47.627318506796],[-2.75071220553,47.62190984793],[-2.7577479466431,47.632011754392],[-2.7875360766413,47.633945919672],[-2.7935564963033,47.645019688545],[-2.783280446908,47.620929683472],[-2.8119448383424,47.622321040814],[-2.8312640065467,47.613981447085],[-2.8591426262883,47.623012853957],[-2.8666358390045,47.617854967158],[-2.8566747016625,47.614831242165],[-2.8683761763816,47.607049879913],[-2.8590337254783,47.600798278295],[-2.8883089069727,47.603721144885],[-2.8954479129042,47.581494812737],[-2.9107665788104,47.592250756175],[-2.9205567314593,47.58279388777],[-2.9320958563755,47.600389216902],[-2.9391279484845,47.594030070059],[-2.9492053452579,47.620300052943],[-2.9357009059315,47.625286008672],[-2.9588456568534,47.627387400625],[-2.9579289682459,47.638247318115],[-2.9820300520754,47.655806360316],[-2.953165560925,47.61254701943],[-2.9720962270241,47.606544222814],[-2.9551759826158,47.598617982077],[-2.9649822013031,47.588704907763],[-2.9288355514896,47.55474379968],[-2.9684287009143,47.557175629484],[-2.9751788529976,47.576068937045],[-2.9893300418056,47.583668761527],[-3.0046872395881,47.566465469116],[-3.0230261480532,47.591448021595],[-3.028251982788,47.589087861503],[-3.024095182795,47.567864359597],[-3.0341949139438,47.577362997655],[-3.0519734636492,47.577936411937],[-3.0555621413375,47.570309158889],[-3.0948867588573,47.564687759616],[-3.1065771207183,47.574439681659],[-3.1035427180694,47.583725371941],[-3.1249482715522,47.598911397275],[-3.1294822782995,47.574986035076],[-3.1232563342713,47.569508296346],[-3.1329801809192,47.532940856127],[-3.1169048452257,47.496159385817],[-3.0945017004357,47.48241159014],[-3.0935860388734,47.47343825223],[-3.1178050237851,47.478792204713],[-3.1310768433146,47.473341925849],[-3.1438097827755,47.483493521766],[-3.1573094190216,47.527777147938],[-3.1424420706013,47.533350052758],[-3.1345818841427,47.548823597227]],[[1.9561816749558,42.457699209102],[1.9808565082431,42.447613368272],[2.0143774276283,42.4517697466],[1.9872946716006,42.469685808584],[1.9983873125909,42.484976092675],[1.980579339168,42.49477632132],[1.9561816749558,42.457699209102]],[[5.2027922080577,43.491173117668],[5.1496876211759,43.457026659088],[5.123114322047,43.48615366834],[5.1135686679163,43.504660978563],[5.1182092489503,43.518012416527],[5.1086615060731,43.525496816445],[5.046434902166,43.522138786534],[5.0309517808795,43.54682479433],[5.0144469317579,43.555544032212],[5.0154635062157,43.529718860201],[4.9985487475088,43.49810611091],[5.000857898128,43.474094351803],[5.0518847547722,43.463560167399],[5.0595684339306,43.403974555677],[5.137266271971,43.400185493623],[5.2204716076061,43.449158800815],[5.2301377569344,43.465078044372],[5.2175169994984,43.488096323996],[5.2027922080577,43.491173117668]]],[[[-3.4217929168617,47.619997807491],[-3.4406778342018,47.627446574356],[-3.4619142000708,47.620345627722],[-3.5146990070836,47.646601523309],[-3.4969409139507,47.653807933351],[-3.4294853772433,47.642297272249],[-3.416338603723,47.630594308492],[-3.4217929168617,47.619997807491]]],[[[-4.8529736016509,48.03969551303],[-4.8460026481755,48.031546021476],[-4.8578350039717,48.039305894117],[-4.8529736016509,48.03969551303]]],[[[-4.9534495087496,48.396063243047],[-4.9591907961931,48.38941380587],[-4.9653125314318,48.392763909122],[-4.9611214473081,48.401695555277],[-4.9534495087496,48.396063243047]]],[[[-5.138001239929,48.448413926313],[-5.1331652198509,48.457205597014],[-5.0725232805168,48.482730316788],[-5.0368443528676,48.45886235964],[-5.1059118332911,48.436349765333],[-5.1091921689816,48.443357330074],[-5.0924748133511,48.45196258108],[-5.138001239929,48.448413926313]]],[[[-4.0062293732672,48.752081933672],[-3.9899103155008,48.742601867881],[-3.9918110541337,48.736399873504],[-4.0397770750633,48.746526903072],[-4.0062293732672,48.752081933672]]],[[[-3.5701295554214,48.797239145154],[-3.5838774341471,48.794094648663],[-3.5836489264715,48.804750470639],[-3.5657740104496,48.807749291796],[-3.5701295554214,48.797239145154]]],[[[-2.9941385070247,48.864342720942],[-2.9944706950371,48.847148998272],[-3.0024570735455,48.836314196756],[-3.0114954582397,48.841507416855],[-3.0130894554754,48.856420115989],[-2.9941385070247,48.864342720942]]],[[[-2.3715184087159,46.732423656909],[-2.3198084377514,46.719332810947],[-2.2861197201191,46.695671725007],[-2.3141842217392,46.695297761013],[-2.3339086309831,46.686335754046],[-2.3893929891805,46.708327202145],[-2.3987614706025,46.723952024978],[-2.3715184087159,46.732423656909]]],[[[-2.1980717999149,46.951171361358],[-2.2231531353026,46.965271208862],[-2.2543982518538,46.958122789992],[-2.2672706062516,46.963959512453],[-2.3018128385192,46.98974006744],[-2.2925186097225,47.012555022671],[-2.3042054070871,47.025060693728],[-2.2520693981849,47.027966094972],[-2.2256229438599,47.016854719984],[-2.2188122423342,46.991712728633],[-2.2386074598418,46.997593681397],[-2.2467985496717,46.99402318693],[-2.2317459039104,46.989711402141],[-2.2374732061994,46.981958292077],[-2.2325436635554,46.975080978728],[-2.1571813233526,46.950033359583],[-2.147437598884,46.934194164793],[-2.1532854662131,46.931758027831],[-2.1469853145638,46.924029506282],[-2.1532523636713,46.906933207426],[-2.1481807818467,46.897354236385],[-2.1538987641986,46.895779045368],[-2.1980717999149,46.951171361358]]],[[[-2.8593682205045,47.559950170989],[-2.853851482193,47.594134904148],[-2.8447503210418,47.601281769517],[-2.8379117800168,47.591917276455],[-2.8501830550859,47.586592024447],[-2.8593682205045,47.559950170989]]],[[[-2.7939896392391,47.601731628428],[-2.7868109056903,47.595356275895],[-2.8101364175469,47.578234600473],[-2.8090954794976,47.592251881558],[-2.7939896392391,47.601731628428]]],[[[-1.3720788977654,46.032155177051],[-1.3127603503815,45.992975701298],[-1.2479197959851,45.990418426217],[-1.236032979657,45.98151962032],[-1.2420820613428,45.957461306685],[-1.2297931152534,45.944251359832],[-1.2337729337151,45.927058615789],[-1.188429054638,45.886745497166],[-1.2077101197588,45.85034131532],[-1.1956190365959,45.82969276273],[-1.217429755495,45.813047230038],[-1.2364238849087,45.80453236122],[-1.2661547831538,45.878168876396],[-1.3509545085702,45.925036655573],[-1.3839170490528,45.951445390606],[-1.3917174561272,45.974042547349],[-1.3870890531807,45.997163348869],[-1.4134350122266,46.04686461584],[-1.3712729567201,46.039341747981],[-1.3720788977654,46.032155177051]]],[[[-1.514055343443,46.198092800763],[-1.5353231579785,46.204392826596],[-1.5614800452621,46.245426793509],[-1.5410961547552,46.243605472781],[-1.500577180767,46.258182208227],[-1.4745480329933,46.23325461767],[-1.5150658852389,46.230756676534],[-1.5067150732904,46.214570690055],[-1.4876936351453,46.206896731453],[-1.4581989257469,46.228670423688],[-1.4129379411055,46.230133712834],[-1.4220417034491,46.218167984195],[-1.4444028688568,46.214089314353],[-1.4220989041249,46.204879920432],[-1.3638972806052,46.207474893999],[-1.3222125679058,46.187529767805],[-1.2910690463149,46.186236068993],[-1.2817971765855,46.164737826986],[-1.2567915781519,46.160986989161],[-1.283548342243,46.145227779453],[-1.3216316554218,46.14503661833],[-1.4616048806387,46.202118585061],[-1.514055343443,46.198092800763]]],[[[-1.1730223193492,46.024341334555],[-1.1570214091027,46.021776424925],[-1.1784179090262,46.009718826714],[-1.1730223193492,46.024341334555]]],[[[6.2117350144,43.002561912277],[6.2204147969509,43.012437419854],[6.2339910204288,43.011656466491],[6.2401086957856,43.023049615886],[6.2515814932586,43.005545323731],[6.2504533863157,42.999408277823],[6.1978984464393,42.982043008785],[6.1938577077542,42.99020258064],[6.1645371983983,42.997829141178],[6.1840052925618,43.008256946209],[6.2117350144,43.002561912277]]],[[[6.4206661963932,43.013709224929],[6.3973387144311,42.992837167056],[6.3697195012539,43.001244421426],[6.4085816077235,43.018603831541],[6.4206661963932,43.013709224929]]],[[[6.4616995826693,43.013939106124],[6.4337050557377,43.00692292971],[6.4339410610688,43.020253759896],[6.4552030224291,43.02681507814],[6.4702163404405,43.045167505797],[6.5041808620696,43.05334030784],[6.5112885804875,43.046821992697],[6.4840993795356,43.039003111995],[6.4616995826693,43.013939106124]]],[[[7.0322078648162,43.523439858109],[7.0500971114395,43.522515412284],[7.0708767870982,43.51736504678],[7.042791472323,43.515818763739],[7.0322078648162,43.523439858109]]],[[[9.273659440522,41.369221791575],[9.265698545799,41.362164776515],[9.2558829669799,41.368794222327],[9.2602446048541,41.373651229899],[9.273659440522,41.369221791575]]],[[[9.2159823758891,41.409512287394],[9.2651023772974,41.428283396377],[9.2196789477427,41.368211945774],[9.1803693126024,41.366438293705],[9.1672444080415,41.385592973955],[9.1208631045283,41.39644315535],[9.0938398987455,41.393839319394],[9.0955320043022,41.412431710561],[9.120687595476,41.437616309687],[9.0953844258524,41.449601115948],[9.0743134372406,41.442920620722],[9.0664301578555,41.451023602972],[9.0799374893646,41.477487535813],[9.0382611446596,41.459645198212],[9.0396773557211,41.468635067129],[9.0277597377332,41.463154871649],[8.9947880496257,41.485533911658],[8.9844353460682,41.474917548601],[8.9594585113313,41.492130159311],[8.9317877201954,41.495378064347],[8.9227617078566,41.489104662494],[8.9147467175153,41.507208151354],[8.8846150462285,41.50507236925],[8.8882614285546,41.51707992067],[8.8778100883194,41.523794452944],[8.8450740207766,41.517958079633],[8.8414047053005,41.523766509681],[8.8511877593354,41.540860979943],[8.7885345993036,41.557735921446],[8.7854932407521,41.563658878459],[8.8019653365352,41.5725251973],[8.7771927389114,41.592763979819],[8.7909467331176,41.608501287066],[8.7930767849103,41.629554383445],[8.8217796251471,41.630090136165],[8.8540761012096,41.647017321432],[8.8695009599086,41.646091120096],[8.8809129542854,41.668095186004],[8.9157805705164,41.681569793821],[8.9145075925891,41.689723682063],[8.8412808961089,41.697551641036],[8.8127122072851,41.714129905775],[8.7937675276411,41.707893097781],[8.7729726652092,41.711919063255],[8.7840121151549,41.735352259439],[8.7724546247573,41.741517274673],[8.709235607136,41.722280845975],[8.7030325607564,41.726005824599],[8.7076082107898,41.73618560032],[8.6976380199228,41.741319354452],[8.6585643232553,41.741804670222],[8.6682797961785,41.752894642014],[8.694572120496,41.751180216178],[8.7300880504804,41.77591212379],[8.7271678055689,41.78708867668],[8.709251171466,41.799404194076],[8.7409410916134,41.79868785997],[8.7482572136005,41.810823729007],[8.7712959607968,41.811239419914],[8.7820652523774,41.833703364592],[8.7708086871301,41.836461210042],[8.767794604169,41.845931092466],[8.7841001717388,41.848170286407],[8.7908409545875,41.858869936694],[8.781211947867,41.880668839163],[8.8031333721604,41.891381047926],[8.7858171453796,41.920265738823],[8.7608963047658,41.924460972208],[8.7549076702854,41.932565729457],[8.745110539203,41.933164242485],[8.7410637125693,41.91754841615],[8.7214300448374,41.909256183947],[8.6092442196276,41.907178516414],[8.6207764177835,41.939541948075],[8.6089998541718,41.940155623683],[8.5958844509261,41.9660969095],[8.65783247709,41.974177322711],[8.6690409063038,41.990179820962],[8.6575664515333,41.993436712754],[8.6564246405607,42.009345707145],[8.6903254906641,42.027593059646],[8.7253458869114,42.034356688034],[8.7226820538602,42.042540055616],[8.741329138221,42.040912179268],[8.7469869224827,42.0502108539],[8.7328465740922,42.06495447832],[8.7198555560589,42.06351093709],[8.7171898512469,42.077385277105],[8.7047370379813,42.087940049587],[8.7102579733595,42.095822368407],[8.7011957293412,42.111181994242],[8.6891550495107,42.115105402635],[8.680727946306,42.105996814848],[8.6605028767172,42.103588496488],[8.6470086216948,42.121131891644],[8.6256340976664,42.122670550852],[8.6156570490403,42.133241914836],[8.5825175645431,42.129323208282],[8.5939572487287,42.143185234803],[8.5897456767979,42.149152267892],[8.5597132553329,42.145951098821],[8.5901738822205,42.163884812642],[8.5884884100621,42.171421188299],[8.5612213909132,42.171782684646],[8.582879148895,42.178547241363],[8.5813855583817,42.205939854644],[8.5696750552871,42.2080024677],[8.5753209823783,42.216374212666],[8.567135591097,42.219577195648],[8.5703414705341,42.230300843511],[8.5401025407511,42.234990759489],[8.616717053661,42.255458016475],[8.688915302285,42.2634494813],[8.690553562757,42.274913999378],[8.6604747648044,42.302349862986],[8.639933499141,42.299416084547],[8.6303614967492,42.310562575386],[8.6103565562315,42.308394659111],[8.5974331518027,42.316054932892],[8.6279955733531,42.332296015498],[8.6264440528796,42.340241753638],[8.6002435360509,42.352999825029],[8.5533077910528,42.333031073096],[8.5558846856209,42.364749965739],[8.5432048758181,42.367016637162],[8.547948004985,42.379354824713],[8.5666906484566,42.370692862461],[8.5783059458289,42.375541718692],[8.5734085639674,42.381404942274],[8.6088441270775,42.386379953813],[8.6022869184152,42.400052818571],[8.6116794771433,42.403198147717],[8.6040429146329,42.409512946067],[8.6084169092937,42.416822082277],[8.6552300368167,42.415734337364],[8.6604105317327,42.43528280362],[8.6482384069515,42.442410807187],[8.6673206951673,42.444883992318],[8.6681439215198,42.45801303094],[8.6794467529756,42.46728078714],[8.6747918186735,42.476242956982],[8.6499303561134,42.478239958239],[8.6645502904805,42.49299417376],[8.6665085981229,42.515223865295],[8.7174384166581,42.528913191384],[8.7102577314429,42.535723624921],[8.7228204001293,42.556778273386],[8.7109904635305,42.576605764442],[8.7243185035707,42.584093673826],[8.7270436936434,42.561604463168],[8.7482834774653,42.568188079066],[8.7686425102482,42.555811440464],[8.7878053378926,42.558171123435],[8.8040993857369,42.569855594773],[8.8001589769082,42.582398778056],[8.8110798196196,42.589684742309],[8.8026283050166,42.602570328147],[8.8673920271632,42.608400315298],[8.8865269490476,42.628966058933],[8.9111573343141,42.628894923509],[8.9181350468671,42.63690550884],[8.9483832990969,42.633540875878],[9.0175781691279,42.642558551708],[9.0593208042615,42.660064628209],[9.0574033625722,42.690749361911],[9.0717031140713,42.693409341766],[9.0857643447586,42.714609110752],[9.1245519786652,42.731631049124],[9.1668856039546,42.736563616418],[9.2038452583029,42.726315061736],[9.217626725491,42.734222269857],[9.2340050664169,42.719909789956],[9.2544476997124,42.718515074833],[9.2593250469014,42.700693050085],[9.2788565397074,42.689592099364],[9.2844265705845,42.676336087658],[9.3013577100648,42.678842422439],[9.321137180844,42.696026915212],[9.321292738335,42.713400038631],[9.3438196981436,42.73967975654],[9.3425627879236,42.79480205062],[9.3110153694299,42.834679311095],[9.340297927743,42.865665848638],[9.3212743122774,42.893318523418],[9.3594756551258,42.922887730022],[9.3488941969672,42.92930970895],[9.358603665308,42.94633937258],[9.3457582466882,42.957906943631],[9.3505448749339,42.968270031649],[9.3408728322382,42.994464747166],[9.3590415875145,43.006725446764],[9.4217576417904,43.011724041684],[9.4635582980189,42.986401078046],[9.4515799638757,42.961755392481],[9.4692380261238,42.936466133294],[9.4730668331504,42.874128797384],[9.4823148818977,42.864255300645],[9.4807429643273,42.840776037517],[9.4923850966255,42.805100268638],[9.4671143214594,42.760859543836],[9.446189061428,42.673577272426],[9.4628440197261,42.639241160621],[9.5162152677147,42.583012642887],[9.5331957398235,42.545946562512],[9.5295802460901,42.495581628325],[9.5433893078242,42.427949811941],[9.5326292091237,42.379024548787],[9.5588293070416,42.285264635275],[9.5553355033877,42.129939296594],[9.5499796055405,42.104165986623],[9.4125689541656,41.952475652276],[9.4149982681884,41.925108109695],[9.3970189665487,41.874613277788],[9.4062743560399,41.822363784172],[9.3941343569793,41.79894215528],[9.3966490681672,41.773723321774],[9.4073217319481,41.767634723217],[9.4035331655531,41.710840198665],[9.3998192801504,41.69279867],[9.3723006750494,41.678830164331],[9.3874913966427,41.657359062003],[9.3644131875031,41.636179025769],[9.3512409796223,41.63956756798],[9.3463932296058,41.63002302864],[9.3534934124458,41.621225659231],[9.3272049926403,41.616356949796],[9.313615408583,41.628605770718],[9.2825337896991,41.596415718545],[9.2956793037693,41.583322361133],[9.3215169876122,41.604837299741],[9.3470681679656,41.594390886207],[9.3685744931696,41.596897302353],[9.3677959349451,41.591126322899],[9.3408997155844,41.559241730325],[9.3239922254982,41.557236366366],[9.2875574726946,41.530228755368],[9.2730739945179,41.53019271867],[9.2835508178086,41.515269283463],[9.2688973149711,41.501624751876],[9.2835128200554,41.500147881884],[9.2872607303693,41.483791768848],[9.2737573910291,41.461716874199],[9.2658821075424,41.465995458816],[9.2429445240833,41.446705574174],[9.223954267893,41.442488841516],[9.2288969116275,41.425302049177],[9.2159823758891,41.409512287394]]]]}}]}